url,title,neighborhood,region,bedrooms,bathrooms,size_m2,price,date_published,category,type,listing_id,property_subtype,furnished
https://www.buyrentkenya.com/listings/5-bedroom-villa-for-sale-spring-valley-3977607,"5 Bed Villa in Spring Valley for KSh 90,000,000 | BuyRentKenya",Spring Valley,Westlands,5.0,,,90000000,2026-04-24 11:57:25+00:00,houses-for-sale/nairobi,sale,3977607,villa,False
https://www.buyrentkenya.com/listings/5-bedroom-townhouse-for-sale-lavington-3950182,"5 Bed Townhouse in Lavington for KSh 75,000,000 | BuyRentKenya",Lavington,Lavington,5.0,6.0,,75000000,2026-04-19 11:40:14+00:00,houses-for-sale/nairobi,sale,3950182,townhouse,False
https://www.buyrentkenya.com/listings/5-bedroom-townhouse-for-sale-kahawa-sukari-3932778,"5 Bed Townhouse at Kiu River for KSh 17,000,000 | BuyRentKenya",Kahawa Sukari,Roysambu,5.0,4.0,120.0,17000000,2026-03-25 09:04:10+00:00,houses-for-sale/nairobi,sale,3932778,townhouse,False
https://www.buyrentkenya.com/listings/4-bedroom-house-for-sale-runda-3980955,"4 Bed House at Runda for KSh 120,000,000 | BuyRentKenya",Runda,Westlands,4.0,4.0,,120000000,2026-04-27 19:02:13+00:00,houses-for-sale/nairobi,sale,3980955,house,False
https://www.buyrentkenya.com/listings/4-bedroom-house-for-sale-karen-3980943,"4 Bed House in Karen for KSh 65,000,000 | BuyRentKenya",Karen,Karen,4.0,6.0,,65000000,2026-04-27 17:06:07+00:00,houses-for-sale/nairobi,sale,3980943,house,False
https://www.buyrentkenya.com/listings/4-bedroom-house-for-sale-karen-3980933,"4 Bed House in Karen for KSh 70,000,000 | BuyRentKenya",Karen,Karen,4.0,6.0,,70000000,2026-04-27 16:37:15+00:00,houses-for-sale/nairobi,sale,3980933,house,False
https://www.buyrentkenya.com/listings/4-bedroom-house-for-sale-south-c-3980864,"4 Bed House in South C for KSh 20,000,000 | BuyRentKenya",South C,South C,4.0,2.0,500.0,20000000,2026-04-27 14:35:40+00:00,houses-for-sale/nairobi,sale,3980864,house,False
https://www.buyrentkenya.com/listings/4-bedroom-townhouse-for-sale-karen-3980649,"Serviced 4 Bed Townhouse at Karen for KSh 62,000,000 | BuyRentKenya",Karen,Karen,4.0,5.0,505.0,62000000,2026-04-27 12:38:27+00:00,houses-for-sale/nairobi,sale,3980649,townhouse,True
https://www.buyrentkenya.com/listings/4-bedroom-house-for-sale-loresho-3980652,"4 Bed House in Loresho for KSh 75,000,000 | BuyRentKenya",Loresho,Westlands,4.0,4.0,,75000000,2026-04-27 12:15:10+00:00,houses-for-sale/nairobi,sale,3980652,house,False
https://www.buyrentkenya.com/listings/6-bedroom-house-for-sale-karen-3980645,"6 Bed House at Mukoma for KSh 130,000,000 | BuyRentKenya",Karen,Karen,6.0,6.0,,130000000,2026-04-27 12:05:41+00:00,houses-for-sale/nairobi,sale,3980645,house,False
https://www.buyrentkenya.com/listings/4-bedroom-house-for-sale-karen-3980582,"Serviced 4 Bed House at Kcb Karen for KSh 68,000,000 | BuyRentKenya",Karen,Karen,4.0,4.0,505.0,68000000,2026-04-27 11:36:02+00:00,houses-for-sale/nairobi,sale,3980582,house,True
https://www.buyrentkenya.com/listings/4-bedroom-house-for-sale-kiambu-road-3980583,"4 Bed House in Kiambu Road for KSh 33,000,000 | BuyRentKenya",Kiambu Road,Kiambu Road,4.0,4.0,300.0,33000000,2026-04-27 11:35:36+00:00,houses-for-sale/nairobi,sale,3980583,house,False
https://www.buyrentkenya.com/listings/8-bedroom-house-for-sale-karen-3965411,"8 Bed House at Off Bogani Rd for KSh 245,000,000 | BuyRentKenya",Karen,Karen,8.0,9.0,1000.0,245000000,2026-04-03 16:40:19+00:00,houses-for-sale/nairobi,sale,3965411,house,False
https://www.buyrentkenya.com/listings/5-bedroom-villa-for-sale-lavington-3980542,"5 Bed Villa in Lavington for KSh 155,000,000 | BuyRentKenya",Lavington,Lavington,5.0,4.0,630.0,155000000,2026-04-27 10:42:41+00:00,houses-for-sale/nairobi,sale,3980542,villa,False
https://www.buyrentkenya.com/listings/5-bedroom-townhouse-for-sale-lavington-3980063,"5 Bed Townhouse in Lavington for KSh 75,000,000 | BuyRentKenya",Lavington,Lavington,5.0,6.0,,75000000,2026-04-27 05:14:23+00:00,houses-for-sale/nairobi,sale,3980063,townhouse,False
https://www.buyrentkenya.com/listings/5-bedroom-townhouse-for-sale-lavington-3980064,"5 Bed Townhouse in Lavington for KSh 81,000,000 | BuyRentKenya",Lavington,Lavington,5.0,6.0,,81000000,2026-04-27 05:14:20+00:00,houses-for-sale/nairobi,sale,3980064,townhouse,False
https://www.buyrentkenya.com/listings/6-bedroom-townhouse-for-sale-lavington-3980065,"6 Bed Townhouse in Lavington for KSh 85,000,000 | BuyRentKenya",Lavington,Lavington,6.0,7.0,,85000000,2026-04-27 05:14:16+00:00,houses-for-sale/nairobi,sale,3980065,townhouse,False
https://www.buyrentkenya.com/listings/4-bedroom-house-for-sale-kileleshwa-3979930,"4 Bed House at Kileleshwa for KSh 28,000,000 | BuyRentKenya",Kileleshwa,Kileleshwa,4.0,4.0,147.0,28000000,2026-04-25 21:40:42+00:00,houses-for-sale/nairobi,sale,3979930,house,False
https://www.buyrentkenya.com/listings/5-bedroom-villa-for-sale-lavington-3945310,"5 Bed Villa in Lavington for KSh 150,000,000 | BuyRentKenya",Lavington,Lavington,5.0,5.0,630.0,150000000,2026-03-13 06:06:40+00:00,houses-for-sale/nairobi,sale,3945310,villa,False
https://www.buyrentkenya.com/listings/5-bedroom-house-for-sale-karen-3979734,"5 Bed House in Karen for KSh 68,000,000 | BuyRentKenya",Karen,Karen,5.0,5.0,,68000000,2026-04-25 08:34:46+00:00,houses-for-sale/nairobi,sale,3979734,house,False
https://www.buyrentkenya.com/listings/4-bedroom-house-for-sale-muthaiga-3972159,"4 Bed House in Muthaiga for KSh 299,000,000 | BuyRentKenya",Muthaiga,Muthaiga,4.0,4.0,,299000000,2026-04-25 08:16:44+00:00,houses-for-sale/nairobi,sale,3972159,house,False
https://www.buyrentkenya.com/listings/5-bedroom-house-for-sale-runda-3979657,"5 Bed House in Runda for KSh 120,000,000 | BuyRentKenya",Runda,Westlands,5.0,5.0,,120000000,2026-04-25 07:06:56+00:00,houses-for-sale/nairobi,sale,3979657,house,False
https://www.buyrentkenya.com/listings/5-bedroom-townhouse-for-sale-kiambu-road-3967824,"5 Bed Townhouse in Kiambu Road for KSh 48,000,000 | BuyRentKenya",Kiambu Road,Kiambu Road,5.0,6.0,,48000000,2026-04-24 13:46:12+00:00,houses-for-sale/nairobi,sale,3967824,townhouse,False
https://www.buyrentkenya.com/listings/5-bedroom-house-for-sale-runda-3968934,"5 Bed House in Runda for KSh 138,000,000 | BuyRentKenya",Runda,Westlands,5.0,6.0,,138000000,2026-04-24 13:46:13+00:00,houses-for-sale/nairobi,sale,3968934,house,False
https://www.buyrentkenya.com/listings/4-bedroom-house-for-sale-runda-3971400,"4 Bed House in Runda for KSh 150,000,000 | BuyRentKenya",Runda,Westlands,4.0,5.0,,150000000,2026-04-24 13:46:14+00:00,houses-for-sale/nairobi,sale,3971400,house,False
https://www.buyrentkenya.com/listings/6-bedroom-house-for-sale-kiambu-road-3947673,"6 Bed House in Kiambu Road for KSh 78,000,000 | BuyRentKenya",Kiambu Road,Kiambu Road,6.0,,,78000000,2026-03-25 11:52:12+00:00,houses-for-sale/nairobi,sale,3947673,house,False
https://www.buyrentkenya.com/listings/6-bedroom-villa-for-sale-kitisuru-3963170,"6 Bed Villa in Kitisuru for KSh 165,000,000 | BuyRentKenya",Kitisuru,Westlands,6.0,6.0,,165000000,2026-03-31 15:25:21+00:00,houses-for-sale/nairobi,sale,3963170,villa,False
https://www.buyrentkenya.com/listings/5-bedroom-house-for-sale-karen-3853871,"5 Bed House in Karen for KSh 80,000,000 | BuyRentKenya",Karen,Karen,5.0,5.0,630.0,80000000,2026-03-30 12:37:47+00:00,houses-for-sale/nairobi,sale,3853871,house,False
https://www.buyrentkenya.com/listings/5-bedroom-house-for-sale-karen-3979622,"Serviced 5 Bed House at Hardy Area for KSh 130,000,000 | BuyRentKenya",Karen,Karen,5.0,5.0,,130000000,2026-04-24 21:03:29+00:00,houses-for-sale/nairobi,sale,3979622,house,True
https://www.buyrentkenya.com/listings/4-bedroom-townhouse-for-sale-kiambu-road-3924719,"4 Bed Townhouse in Kiambu Road for KSh 34,000,000 | BuyRentKenya",Kiambu Road,Kiambu Road,4.0,4.0,,34000000,2026-04-24 13:46:08+00:00,houses-for-sale/nairobi,sale,3924719,townhouse,False
https://www.buyrentkenya.com/listings/6-bedroom-villa-for-sale-waiyaki-way-3979612,"6 Bed Villa in Waiyaki Way for KSh 40,000,000 | BuyRentKenya",Waiyaki Way,Westlands,6.0,8.0,240.0,40000000,2026-04-24 16:26:56+00:00,houses-for-sale/nairobi,sale,3979612,villa,False
https://www.buyrentkenya.com/listings/5-bedroom-villa-for-sale-waiyaki-way-3979610,"5 Bed Villa in Waiyaki Way for KSh 30,000,000 | BuyRentKenya",Waiyaki Way,Westlands,5.0,7.0,240.0,30000000,2026-04-24 16:19:44+00:00,houses-for-sale/nairobi,sale,3979610,villa,False
https://www.buyrentkenya.com/listings/4-bedroom-villa-for-sale-waiyaki-way-3979608,"4 Bed Villa in Waiyaki Way for KSh 25,000,000 | BuyRentKenya",Waiyaki Way,Westlands,4.0,6.0,240.0,25000000,2026-04-24 16:12:04+00:00,houses-for-sale/nairobi,sale,3979608,villa,False
https://www.buyrentkenya.com/listings/4-bedroom-villa-for-sale-westlands-area-3979306,"4 Bed Villa in Westlands Area for KSh 130,000,000 | BuyRentKenya",Westlands Area,Westlands,4.0,4.0,,130000000,2026-04-26 07:19:22+00:00,houses-for-sale/nairobi,sale,3979306,villa,False
https://www.buyrentkenya.com/listings/4-bedroom-townhouse-for-sale-runda-3979314,"4 Bed Townhouse in Runda for KSh 43,000,000 | BuyRentKenya",Runda,Westlands,4.0,4.0,,43000000,2026-04-26 07:18:33+00:00,houses-for-sale/nairobi,sale,3979314,townhouse,False
https://www.buyrentkenya.com/listings/4-bedroom-townhouse-for-sale-kitisuru-3979441,"4 Bed Townhouse in Kitisuru for KSh 56,000,000 | BuyRentKenya",Kitisuru,Westlands,4.0,4.0,400.0,56000000,2026-04-26 07:17:33+00:00,houses-for-sale/nairobi,sale,3979441,townhouse,False
https://www.buyrentkenya.com/listings/3-bedroom-townhouse-for-sale-brookside-3979567,"3 Bed Townhouse at Grevillea Grove for KSh 48,000,000 | BuyRentKenya",Brookside,Westlands,3.0,4.0,,48000000,2026-04-24 13:35:07+00:00,houses-for-sale/nairobi,sale,3979567,townhouse,False
https://www.buyrentkenya.com/listings/5-bedroom-house-for-sale-lower-kabete-3979571,"5 Bed House in Lower Kabete for KSh 110,000,000 | BuyRentKenya",Lower Kabete,Westlands,5.0,5.0,,110000000,2026-04-24 13:33:02+00:00,houses-for-sale/nairobi,sale,3979571,house,False
https://www.buyrentkenya.com/listings/5-bedroom-house-for-sale-runda-3979565,"5 Bed House in Runda for KSh 130,000,000 | BuyRentKenya",Runda,Westlands,5.0,5.0,,130000000,2026-04-24 13:19:21+00:00,houses-for-sale/nairobi,sale,3979565,house,False
https://www.buyrentkenya.com/listings/4-bedroom-townhouse-for-sale-westlands-area-3979473,"4 Bed Townhouse in Westlands Area for KSh 107,000,000 | BuyRentKenya",Westlands Area,Westlands,4.0,4.0,,107000000,2026-04-26 07:14:22+00:00,houses-for-sale/nairobi,sale,3979473,townhouse,False
https://www.buyrentkenya.com/listings/furnished-6-bedroom-house-for-sale-karen-3979432,"Serviced 6 Bed House at Marula Road for KSh 150,000,000 | BuyRentKenya",Karen,Karen,6.0,6.0,,150000000,2026-04-24 10:08:11+00:00,houses-for-sale/nairobi,sale,3979432,house,True
https://www.buyrentkenya.com/listings/4-bedroom-house-for-sale-loresho-3979429,"4 Bed House in Loresho for KSh 120,000,000 | BuyRentKenya",Loresho,Westlands,4.0,4.0,,120000000,2026-04-24 09:59:22+00:00,houses-for-sale/nairobi,sale,3979429,house,False
https://www.buyrentkenya.com/listings/5-bedroom-townhouse-for-sale-lavington-3979427,"5 Bed Townhouse in Lavington for KSh 130,000,000 | BuyRentKenya",Lavington,Lavington,5.0,5.0,,130000000,2026-04-24 09:52:56+00:00,houses-for-sale/nairobi,sale,3979427,townhouse,False
https://www.buyrentkenya.com/listings/5-bedroom-house-for-sale-karen-3979385,"Serviced 5 Bed House at Off Langata Road for KSh 150,000,000 | BuyRentKenya",Karen,Karen,5.0,5.0,,150000000,2026-04-24 09:19:50+00:00,houses-for-sale/nairobi,sale,3979385,house,True
https://www.buyrentkenya.com/listings/5-bedroom-house-for-sale-nyari-3979121,"5 Bed House at Nyari for KSh 140,000,000 | BuyRentKenya",Nyari,Westlands,5.0,5.0,,140000000,2026-04-24 07:06:10+00:00,houses-for-sale/nairobi,sale,3979121,house,False
https://www.buyrentkenya.com/listings/5-bedroom-house-for-sale-karen-3978890,"Serviced 5 Bed House at Miotoni for KSh 185,000,000 | BuyRentKenya",Karen,Karen,5.0,5.0,,185000000,2026-04-24 05:18:59+00:00,houses-for-sale/nairobi,sale,3978890,house,True
https://www.buyrentkenya.com/listings/5-bedroom-house-for-sale-riverside-3978851,"5 Bed House in Riverside for KSh 330,000,000 | BuyRentKenya",Riverside,Westlands,5.0,,,330000000,2026-04-23 23:18:24+00:00,houses-for-sale/nairobi,sale,3978851,house,False
https://www.buyrentkenya.com/listings/5-bedroom-house-for-sale-thigiri-3978850,"5 Bed House in Thigiri for KSh 200,000,000 | BuyRentKenya",Thigiri,Westlands,5.0,5.0,,200000000,2026-04-23 22:58:33+00:00,houses-for-sale/nairobi,sale,3978850,house,False
https://www.buyrentkenya.com/listings/3-bedroom-townhouse-for-sale-brookside-3969179,"3 Bed Townhouse at Grevillea Grove for KSh 48,000,000 | BuyRentKenya",Brookside,Westlands,3.0,4.0,,48000000,2026-04-18 09:15:50+00:00,houses-for-sale/nairobi,sale,3969179,townhouse,False
https://www.buyrentkenya.com/listings/5-bedroom-villa-for-sale-lavington-3978831,"5 Bed Villa in Lavington for KSh 80,000,000 | BuyRentKenya",Lavington,Lavington,5.0,6.0,600.0,80000000,2026-04-23 20:17:22+00:00,houses-for-sale/nairobi,sale,3978831,villa,False
https://www.buyrentkenya.com/listings/5-bedroom-house-for-sale-runda-3865235,"5 Bed House at Runda for KSh 235,000,000 | BuyRentKenya",Runda,Westlands,5.0,6.0,,235000000,2026-02-20 07:32:26+00:00,houses-for-sale/nairobi,sale,3865235,house,False
https://www.buyrentkenya.com/listings/4-bedroom-townhouse-for-sale-buruburu-3672030,"4 Bed Townhouse at Phase 2 for KSh 10,000,000 | BuyRentKenya",Buruburu,Buruburu,4.0,2.0,,10000000,2026-02-23 11:43:14+00:00,houses-for-sale/nairobi,sale,3672030,townhouse,False
https://www.buyrentkenya.com/listings/3-bedroom-townhouse-for-sale-lavington-3691200,"3 Bed Townhouse at Gitanga Road for KSh 22,000,000 | BuyRentKenya",Lavington,Lavington,3.0,2.0,180.0,22000000,2025-01-22 06:34:06+00:00,houses-for-sale/nairobi,sale,3691200,townhouse,False
https://www.buyrentkenya.com/listings/4-bedroom-townhouse-for-sale-kitisuru-3978785,"4 Bed Townhouse in Kitisuru for KSh 40,900,000 | BuyRentKenya",Kitisuru,Westlands,4.0,5.0,,40900000,2026-04-23 19:08:40+00:00,houses-for-sale/nairobi,sale,3978785,townhouse,False
https://www.buyrentkenya.com/listings/5-bedroom-townhouse-for-sale-kitisuru-3978795,"5 Bed Townhouse in Kitisuru for KSh 52,900,000 | BuyRentKenya",Kitisuru,Westlands,5.0,6.0,,52900000,2026-04-23 19:27:08+00:00,houses-for-sale/nairobi,sale,3978795,townhouse,False
https://www.buyrentkenya.com/listings/5-bedroom-villa-for-sale-karen-3978654,"5 Bed Villa at Miotoni for KSh 200,000,000 | BuyRentKenya",Karen,Karen,5.0,5.0,,200000000,2026-04-23 12:49:41+00:00,houses-for-sale/nairobi,sale,3978654,villa,False
https://www.buyrentkenya.com/listings/4-bedroom-villa-for-sale-lavington-3978648,"4 Bed Villa in Lavington for KSh 65,000,000 | BuyRentKenya",Lavington,Lavington,4.0,5.0,400.0,65000000,2026-04-23 11:43:19+00:00,houses-for-sale/nairobi,sale,3978648,villa,False
https://www.buyrentkenya.com/listings/4-bedroom-townhouse-for-sale-naivasha-road-3978618,"4 Bed Townhouse in Naivasha Road for KSh 28,000,000 | BuyRentKenya",Naivasha Road,Naivasha Road,4.0,3.0,230.0,28000000,2026-04-23 10:37:52+00:00,houses-for-sale/nairobi,sale,3978618,townhouse,False
https://www.buyrentkenya.com/listings/6-bedroom-villa-for-sale-kyuna-3978577,"6 Bed Villa in Kyuna for KSh 100,000,000 | BuyRentKenya",Kyuna,Westlands,6.0,6.0,,100000000,2026-04-23 10:20:30+00:00,houses-for-sale/nairobi,sale,3978577,villa,False
https://www.buyrentkenya.com/listings/5-bedroom-villa-for-sale-karen-3978594,"5 Bed Villa in Karen for KSh 70,000,000 | BuyRentKenya",Karen,Karen,5.0,6.0,,70000000,2026-04-23 10:12:47+00:00,houses-for-sale/nairobi,sale,3978594,villa,False
https://www.buyrentkenya.com/listings/4-bedroom-villa-for-sale-waiyaki-way-3978589,"4 Bed Villa in Waiyaki Way for KSh 25,000,000 | BuyRentKenya",Waiyaki Way,Westlands,4.0,5.0,240.0,25000000,2026-04-23 10:01:31+00:00,houses-for-sale/nairobi,sale,3978589,villa,False
https://www.buyrentkenya.com/listings/4-bedroom-townhouse-for-sale-runda-3978587,"Serviced 4 Bed Townhouse at Off Kiambu Road for KSh 48,000,000 | BuyRentKenya",Runda,Westlands,4.0,5.0,,48000000,2026-04-23 10:00:51+00:00,houses-for-sale/nairobi,sale,3978587,townhouse,True
https://www.buyrentkenya.com/listings/4-bedroom-house-for-sale-kiambu-road-7-3433272,"4 Bed House at Kiambu Road for KSh 31,000,000 | BuyRentKenya",Kiambu Road,Kiambu Road,4.0,3.0,300.0,31000000,2026-04-09 08:41:47+00:00,houses-for-sale/nairobi,sale,3433272,house,False
https://www.buyrentkenya.com/listings/5-bedroom-townhouse-for-sale-lavington-3959191,"5 Bed Townhouse in Lavington for KSh 62,000,000 | BuyRentKenya",Lavington,Lavington,5.0,,,62000000,2026-03-26 07:15:54+00:00,houses-for-sale/nairobi,sale,3959191,townhouse,False
https://www.buyrentkenya.com/listings/4-bedroom-house-for-sale-nairobi-west-3926584,"4 Bed House in Nairobi West for KSh 40,000,000 | BuyRentKenya",Nairobi West,Nairobi West,4.0,,325.0,40000000,2026-03-17 08:59:05+00:00,houses-for-sale/nairobi,sale,3926584,house,False
https://www.buyrentkenya.com/listings/5-bedroom-townhouse-for-sale-westlands-area-3921860,"5 Bed Townhouse in Westlands Area for KSh 85,000,000 | BuyRentKenya",Westlands Area,Westlands,5.0,,,85000000,2026-03-11 09:08:59+00:00,houses-for-sale/nairobi,sale,3921860,townhouse,False
https://www.buyrentkenya.com/listings/5-bedroom-villa-for-sale-karen-3830288,"5 Bed Villa in Karen for KSh 175,500,000 | BuyRentKenya",Karen,Karen,5.0,7.0,638.0,175500000,2026-04-23 07:52:39+00:00,houses-for-sale/nairobi,sale,3830288,villa,False
https://www.buyrentkenya.com/listings/5-bedroom-house-for-sale-karen-3978490,"Serviced 5 Bed House at Karen Hub for KSh 205,000,000 | BuyRentKenya",Karen,Karen,5.0,5.0,,205000000,2026-04-23 08:44:26+00:00,houses-for-sale/nairobi,sale,3978490,house,True
https://www.buyrentkenya.com/listings/6-bedroom-townhouse-for-sale-lavington-3978338,"6 Bed Townhouse in Lavington for KSh 85,000,000 | BuyRentKenya",Lavington,Lavington,6.0,7.0,,85000000,2026-04-23 07:19:37+00:00,houses-for-sale/nairobi,sale,3978338,townhouse,False
https://www.buyrentkenya.com/listings/5-bedroom-townhouse-for-sale-lavington-3978313,"5 Bed Townhouse in Lavington for KSh 75,000,000 | BuyRentKenya",Lavington,Lavington,5.0,6.0,,75000000,2026-04-23 07:09:42+00:00,houses-for-sale/nairobi,sale,3978313,townhouse,False
https://www.buyrentkenya.com/listings/5-bedroom-townhouse-for-sale-lavington-3978315,"5 Bed Townhouse in Lavington for KSh 81,000,000 | BuyRentKenya",Lavington,Lavington,5.0,6.0,,81000000,2026-04-23 07:09:40+00:00,houses-for-sale/nairobi,sale,3978315,townhouse,False
https://www.buyrentkenya.com/listings/6-bedroom-villa-for-sale-spring-valley-3978214,"6 Bed Villa in Spring Valley for KSh 150,000,000 | BuyRentKenya",Spring Valley,Westlands,6.0,7.0,,150000000,2026-04-23 06:42:59+00:00,houses-for-sale/nairobi,sale,3978214,villa,False
https://www.buyrentkenya.com/listings/3-bedroom-townhouse-for-sale-buruburu-3963804,"3 Bed Townhouse in Buruburu for KSh 10,000,000 | BuyRentKenya",Buruburu,Buruburu,3.0,1.0,,10000000,2026-04-21 11:47:25+00:00,houses-for-sale/nairobi,sale,3963804,townhouse,False
https://www.buyrentkenya.com/listings/4-bedroom-townhouse-for-sale-runda-3978084,"4 Bed Townhouse at Five Star Paradise for KSh 42,000,000 | BuyRentKenya",Runda,Westlands,4.0,3.0,,42000000,2026-04-23 05:49:50+00:00,houses-for-sale/nairobi,sale,3978084,townhouse,False
https://www.buyrentkenya.com/listings/4-bedroom-townhouse-for-sale-runda-3978067,"4 Bed Townhouse at Ineza for KSh 42,000,000 | BuyRentKenya",Runda,Westlands,4.0,3.0,,42000000,2026-04-23 05:41:29+00:00,houses-for-sale/nairobi,sale,3978067,townhouse,False
https://www.buyrentkenya.com/listings/5-bedroom-villa-for-sale-kyuna-3971652,"5 Bed Villa in Kyuna for KSh 115,000,000 | BuyRentKenya",Kyuna,Westlands,5.0,6.0,700.0,115000000,2026-04-13 15:08:49+00:00,houses-for-sale/nairobi,sale,3971652,villa,False
https://www.buyrentkenya.com/listings/4-bedroom-villa-for-sale-lavington-3973169,"4 Bed Villa at Jacaranda Avenue for KSh 167,000,000 | BuyRentKenya",Lavington,Lavington,4.0,5.0,630.0,167000000,2026-04-18 09:15:52+00:00,houses-for-sale/nairobi,sale,3973169,villa,False
https://www.buyrentkenya.com/listings/5-bedroom-townhouse-for-sale-lavington-3977882,"5 Bed Townhouse at Lavington Green for KSh 78,000,000 | BuyRentKenya",Lavington,Lavington,5.0,5.0,,78000000,2026-04-22 21:07:52+00:00,houses-for-sale/nairobi,sale,3977882,townhouse,False
https://www.buyrentkenya.com/listings/6-bedroom-villa-for-sale-karen-3977820,"Serviced 6 Bed Villa at Karen Windy Ridge Area for KSh 190,000,000 | BuyRentKenya",Karen,Karen,6.0,7.0,2023.0,190000000,2026-04-22 17:58:46+00:00,houses-for-sale/nairobi,sale,3977820,villa,True
https://www.buyrentkenya.com/listings/5-bedroom-house-for-sale-lavington-3756379,"5 Bed House in Lavington for KSh 90,000,000 | BuyRentKenya",Lavington,Lavington,5.0,,747.0,90000000,2026-04-22 11:08:43+00:00,houses-for-sale/nairobi,sale,3756379,house,False
https://www.buyrentkenya.com/listings/4-bedroom-house-for-sale-lavington-3756386,"4 Bed House in Lavington for KSh 85,000,000 | BuyRentKenya",Lavington,Lavington,4.0,,747.0,85000000,2026-04-22 11:08:43+00:00,houses-for-sale/nairobi,sale,3756386,house,False
https://www.buyrentkenya.com/listings/4-bedroom-townhouse-for-sale-thika-road-3977499,"4 Bed Townhouse at Kenyatta Road for KSh 20,500,000 | BuyRentKenya",Thika Road,Thika Road,4.0,5.0,180.0,20500000,2026-04-22 10:20:12+00:00,houses-for-sale/nairobi,sale,3977499,townhouse,False
https://www.buyrentkenya.com/listings/3-bedroom-house-for-sale-thika-road-3977487,"3 Bed House at Kenyatta Road for KSh 13,850,000 | BuyRentKenya",Thika Road,Thika Road,3.0,4.0,,13850000,2026-04-22 10:12:48+00:00,houses-for-sale/nairobi,sale,3977487,house,False
https://www.buyrentkenya.com/listings/4-bedroom-townhouse-for-sale-south-c-3920089,"4 Bed Townhouse at Five Star Estate for KSh 26,000,000 | BuyRentKenya",South C,South C,4.0,4.0,230.0,26000000,2026-04-20 06:30:38+00:00,houses-for-sale/nairobi,sale,3920089,townhouse,False
https://www.buyrentkenya.com/listings/4-bedroom-townhouse-for-sale-south-c-3931997,"4 Bed Townhouse in South C for KSh 30,000,000 | BuyRentKenya",South C,South C,4.0,3.0,,30000000,2026-02-25 04:50:19+00:00,houses-for-sale/nairobi,sale,3931997,townhouse,False
https://www.buyrentkenya.com/listings/5-bedroom-villa-for-sale-lavington-3977334,"5 Bed Villa in Lavington for KSh 103,000,000 | BuyRentKenya",Lavington,Lavington,5.0,6.0,463.0,103000000,2026-04-22 07:19:41+00:00,houses-for-sale/nairobi,sale,3977334,villa,False
https://www.buyrentkenya.com/listings/5-bedroom-townhouse-for-sale-lavington-3977314,"5 Bed Townhouse in Lavington for KSh 50,000,000 | BuyRentKenya",Lavington,Lavington,5.0,5.0,125.0,50000000,2026-04-22 07:08:25+00:00,houses-for-sale/nairobi,sale,3977314,townhouse,False
https://www.buyrentkenya.com/listings/5-bedroom-townhouse-for-sale-lavington-3977313,"5 Bed Townhouse in Lavington for KSh 78,000,000 | BuyRentKenya",Lavington,Lavington,5.0,5.0,125.0,78000000,2026-04-22 06:54:26+00:00,houses-for-sale/nairobi,sale,3977313,townhouse,False
https://www.buyrentkenya.com/listings/5-bedroom-townhouse-for-sale-lavington-3977312,"5 Bed Townhouse in Lavington for KSh 110,000,000 | BuyRentKenya",Lavington,Lavington,5.0,5.0,125.0,110000000,2026-04-22 06:49:02+00:00,houses-for-sale/nairobi,sale,3977312,townhouse,False
https://www.buyrentkenya.com/listings/6-bedroom-townhouse-for-sale-lavington-3977308,"6 Bed Townhouse in Lavington for KSh 150,000,000 | BuyRentKenya",Lavington,Lavington,6.0,6.0,,150000000,2026-04-22 06:42:36+00:00,houses-for-sale/nairobi,sale,3977308,townhouse,False
https://www.buyrentkenya.com/listings/5-bedroom-townhouse-for-sale-lavington-3977274,"5 Bed Townhouse in Lavington for KSh 75,000,000 | BuyRentKenya",Lavington,Lavington,5.0,6.0,,75000000,2026-04-22 06:20:03+00:00,houses-for-sale/nairobi,sale,3977274,townhouse,False
https://www.buyrentkenya.com/listings/5-bedroom-townhouse-for-sale-lavington-3977275,"5 Bed Townhouse in Lavington for KSh 81,000,000 | BuyRentKenya",Lavington,Lavington,5.0,6.0,,81000000,2026-04-22 06:20:00+00:00,houses-for-sale/nairobi,sale,3977275,townhouse,False
https://www.buyrentkenya.com/listings/6-bedroom-townhouse-for-sale-lavington-3977278,"6 Bed Townhouse in Lavington for KSh 85,000,000 | BuyRentKenya",Lavington,Lavington,6.0,7.0,,85000000,2026-04-22 06:19:57+00:00,houses-for-sale/nairobi,sale,3977278,townhouse,False
https://www.buyrentkenya.com/listings/5-bedroom-villa-for-sale-lavington-3977174,"5 Bed Villa in Lavington for KSh 130,000,000 | BuyRentKenya",Lavington,Lavington,5.0,6.0,,130000000,2026-04-21 20:18:19+00:00,houses-for-sale/nairobi,sale,3977174,villa,False
https://www.buyrentkenya.com/listings/5-bedroom-townhouse-for-sale-brookside-3977156,"5 Bed Townhouse in Brookside for KSh 130,000,000 | BuyRentKenya",Brookside,Westlands,5.0,5.0,125.0,130000000,2026-04-21 18:56:33+00:00,houses-for-sale/nairobi,sale,3977156,townhouse,False
https://www.buyrentkenya.com/listings/5-bedroom-townhouse-for-sale-westlands-area-3977152,"5 Bed Townhouse in Westlands Area for KSh 85,000,000 | BuyRentKenya",Westlands Area,Westlands,5.0,5.0,125.0,85000000,2026-04-21 18:45:51+00:00,houses-for-sale/nairobi,sale,3977152,townhouse,False
https://www.buyrentkenya.com/listings/5-bedroom-townhouse-for-sale-lavington-3977141,"5 Bed Townhouse in Lavington for KSh 110,000,000 | BuyRentKenya",Lavington,Lavington,5.0,6.0,,110000000,2026-04-21 17:41:50+00:00,houses-for-sale/nairobi,sale,3977141,townhouse,False
https://www.buyrentkenya.com/listings/5-bedroom-townhouse-for-sale-lavington-3977139,"5 Bed Townhouse in Lavington for KSh 110,000,000 | BuyRentKenya",Lavington,Lavington,5.0,6.0,,110000000,2026-04-21 17:38:11+00:00,houses-for-sale/nairobi,sale,3977139,townhouse,False
https://www.buyrentkenya.com/listings/5-bedroom-townhouse-for-sale-lavington-3977137,"5 Bed Townhouse in Lavington for KSh 159,000,000 | BuyRentKenya",Lavington,Lavington,5.0,6.0,,159000000,2026-04-21 17:32:55+00:00,houses-for-sale/nairobi,sale,3977137,townhouse,False
https://www.buyrentkenya.com/listings/5-bedroom-villa-for-sale-lavington-3946279,"5 Bed Villa in Lavington for KSh 95,000,000 | BuyRentKenya",Lavington,Lavington,5.0,5.0,463.0,95000000,2026-03-13 07:00:33+00:00,houses-for-sale/nairobi,sale,3946279,villa,False
https://www.buyrentkenya.com/listings/3-bedroom-townhouse-for-sale-donholm-3969948,"3 Bed Townhouse in Donholm for KSh 12,500,000 | BuyRentKenya",Donholm,Donholm,3.0,4.0,200.0,12500000,2026-04-21 11:47:27+00:00,houses-for-sale/nairobi,sale,3969948,townhouse,False
https://www.buyrentkenya.com/listings/5-bedroom-house-for-sale-runda-2-3879127,"5 Bed House at Runda Evergreen for KSh 110,000,000 | BuyRentKenya",Runda,Westlands,5.0,6.0,,110000000,2026-04-21 10:24:53+00:00,houses-for-sale/nairobi,sale,3879127,house,False
https://www.buyrentkenya.com/listings/5-bedroom-house-for-sale-thika-road-3977079,"5 Bed House in Thika Road for KSh 60,000,000 | BuyRentKenya",Thika Road,Thika Road,5.0,6.0,250.0,60000000,2026-04-21 13:13:41+00:00,houses-for-sale/nairobi,sale,3977079,house,False
https://www.buyrentkenya.com/listings/5-bedroom-house-for-sale-runda-3977042,"5 Bed House in Runda for KSh 110,000,000 | BuyRentKenya",Runda,Westlands,5.0,6.0,,110000000,2026-04-21 12:31:36+00:00,houses-for-sale/nairobi,sale,3977042,house,False
https://www.buyrentkenya.com/listings/4-bedroom-house-for-sale-embakasi-3974748,"4 Bed House in Embakasi for KSh 9,000,000 | BuyRentKenya",Embakasi,Embakasi,4.0,2.0,175.0,9000000,2026-04-21 11:00:37+00:00,houses-for-sale/nairobi,sale,3974748,house,False
https://www.buyrentkenya.com/listings/3-bedroom-house-for-sale-joska-3976716,"3 Bed House in Joska for KSh 9,500,000 | BuyRentKenya",Joska,Kamulu Joska Malaa,3.0,5.0,175.0,9500000,2026-04-21 06:46:58+00:00,houses-for-sale/nairobi,sale,3976716,house,False
https://www.buyrentkenya.com/listings/5-bedroom-townhouse-for-sale-lavington-3976661,"5 Bed Townhouse in Lavington for KSh 75,000,000 | BuyRentKenya",Lavington,Lavington,5.0,6.0,,75000000,2026-04-21 06:11:13+00:00,houses-for-sale/nairobi,sale,3976661,townhouse,False
https://www.buyrentkenya.com/listings/5-bedroom-townhouse-for-sale-lavington-3976663,"5 Bed Townhouse in Lavington for KSh 81,000,000 | BuyRentKenya",Lavington,Lavington,5.0,6.0,,81000000,2026-04-21 06:11:10+00:00,houses-for-sale/nairobi,sale,3976663,townhouse,False
https://www.buyrentkenya.com/listings/6-bedroom-townhouse-for-sale-lavington-3976667,"6 Bed Townhouse in Lavington for KSh 85,000,000 | BuyRentKenya",Lavington,Lavington,6.0,7.0,,85000000,2026-04-21 06:11:08+00:00,houses-for-sale/nairobi,sale,3976667,townhouse,False
https://www.buyrentkenya.com/listings/4-bedroom-house-for-sale-westlands-area-3976568,"4 Bed House in Westlands Area for KSh 65,000,000 | BuyRentKenya",Westlands Area,Westlands,4.0,5.0,,65000000,2026-04-26 20:43:13+00:00,houses-for-sale/nairobi,sale,3976568,house,False
https://www.buyrentkenya.com/listings/5-bedroom-townhouse-for-sale-westlands-area-3965124,"5 Bed Townhouse at Brookside Drive for KSh 55,000,000 | BuyRentKenya",Westlands Area,Westlands,5.0,5.0,,55000000,2026-04-26 21:01:45+00:00,houses-for-sale/nairobi,sale,3965124,townhouse,False
https://www.buyrentkenya.com/listings/4-bedroom-townhouse-for-sale-lavington-3976536,"4 Bed Townhouse in Lavington for KSh 75,000,000 | BuyRentKenya",Lavington,Lavington,4.0,5.0,,75000000,2026-04-20 18:04:11+00:00,houses-for-sale/nairobi,sale,3976536,townhouse,False
https://www.buyrentkenya.com/listings/6-bedroom-townhouse-for-sale-lavington-3976532,"6 Bed Townhouse in Lavington for KSh 90,000,000 | BuyRentKenya",Lavington,Lavington,6.0,7.0,,90000000,2026-04-20 17:54:23+00:00,houses-for-sale/nairobi,sale,3976532,townhouse,False
https://www.buyrentkenya.com/listings/4-bedroom-townhouse-for-sale-mombasa-road-3976528,"4 Bed Townhouse at Arthiriver for KSh 25,480,000 | BuyRentKenya",Mombasa Road,Mombasa Road,4.0,4.0,230.0,25480000,2026-04-20 17:44:51+00:00,houses-for-sale/nairobi,sale,3976528,townhouse,False
https://www.buyrentkenya.com/listings/3-bedroom-townhouse-for-sale-mombasa-road-3976523,"3 Bed Townhouse at Arthiriver for KSh 18,180,000 | BuyRentKenya",Mombasa Road,Mombasa Road,3.0,3.0,150.0,18180000,2026-04-20 17:35:09+00:00,houses-for-sale/nairobi,sale,3976523,townhouse,False
https://www.buyrentkenya.com/listings/5-bedroom-house-for-sale-westlands-area-3976499,"5 Bed House in Westlands Area for KSh 55,000,000 | BuyRentKenya",Westlands Area,Westlands,5.0,6.0,,55000000,2026-04-26 20:37:24+00:00,houses-for-sale/nairobi,sale,3976499,house,False
https://www.buyrentkenya.com/listings/5-bedroom-house-for-sale-spring-valley-3976453,"5 Bed House in Spring Valley for KSh 60,000,000 | BuyRentKenya",Spring Valley,Westlands,5.0,6.0,,60000000,2026-04-26 20:48:10+00:00,houses-for-sale/nairobi,sale,3976453,house,False
https://www.buyrentkenya.com/listings/5-bedroom-townhouse-for-sale-westlands-area-3976428,"5 Bed Townhouse at Shanzu Rd for KSh 60,000,000 | BuyRentKenya",Westlands Area,Westlands,5.0,6.0,,60000000,2026-04-26 20:52:41+00:00,houses-for-sale/nairobi,sale,3976428,townhouse,False
https://www.buyrentkenya.com/listings/4-bedroom-house-for-sale-runda-3974576,"4 Bed House in Runda for KSh 140,000,000 | BuyRentKenya",Runda,Westlands,4.0,5.0,,140000000,2026-04-17 11:56:40+00:00,houses-for-sale/nairobi,sale,3974576,house,False
https://www.buyrentkenya.com/listings/4-bedroom-house-for-sale-loresho-3976395,"4 Bed House in Loresho for KSh 55,000,000 | BuyRentKenya",Loresho,Westlands,4.0,4.0,,55000000,2026-04-20 12:54:28+00:00,houses-for-sale/nairobi,sale,3976395,house,False
https://www.buyrentkenya.com/listings/2-bedroom-townhouse-for-sale-kahawa-sukari-3976323,"Serviced 2 Bed Townhouse in Kahawa Sukari for KSh 35,000,000 | BuyRentKenya",Kahawa Sukari,Roysambu,2.0,2.0,,35000000,2026-04-20 12:00:35+00:00,houses-for-sale/nairobi,sale,3976323,townhouse,True
https://www.buyrentkenya.com/listings/5-bedroom-house-for-sale-westlands-area-3976203,"5 Bed House at Kyuna for KSh 83,000,000 | BuyRentKenya",Westlands Area,Westlands,5.0,6.0,,83000000,2026-04-26 20:48:32+00:00,houses-for-sale/nairobi,sale,3976203,house,False
https://www.buyrentkenya.com/listings/3-bedroom-house-for-sale-embakasi-3976054,"3 Bed House at Nyayo Estate for KSh 18,000,000 | BuyRentKenya",Embakasi,Embakasi,3.0,2.0,201.0,18000000,2026-04-20 09:01:44+00:00,houses-for-sale/nairobi,sale,3976054,house,False
https://www.buyrentkenya.com/listings/4-bedroom-villa-for-sale-runda-3974571,"4 Bed Villa in Runda for KSh 120,000,000 | BuyRentKenya",Runda,Westlands,4.0,5.0,,120000000,2026-04-20 08:58:40+00:00,houses-for-sale/nairobi,sale,3974571,villa,False
https://www.buyrentkenya.com/listings/4-bedroom-townhouse-for-sale-lavington-3975470,"4 Bed Townhouse at Lavington Green for KSh 75,000,000 | BuyRentKenya",Lavington,Lavington,4.0,4.0,,75000000,2026-04-20 05:30:14+00:00,houses-for-sale/nairobi,sale,3975470,townhouse,False
https://www.buyrentkenya.com/listings/5-bedroom-house-for-sale-kitisuru-3975455,"5 Bed House in Kitisuru for KSh 90,000,000 | BuyRentKenya",Kitisuru,Westlands,5.0,5.0,,90000000,2026-04-24 13:46:17+00:00,houses-for-sale/nairobi,sale,3975455,house,False
https://www.buyrentkenya.com/listings/3-bedroom-house-for-sale-kitisuru-3975453,"3 Bed House in Kitisuru for KSh 63,000,000 | BuyRentKenya",Kitisuru,Westlands,3.0,4.0,,63000000,2026-04-24 13:46:17+00:00,houses-for-sale/nairobi,sale,3975453,house,False
https://www.buyrentkenya.com/listings/5-bedroom-townhouse-for-sale-westlands-area-3975424,"5 Bed Townhouse at Spring Valley for KSh 75,000,000 | BuyRentKenya",Westlands Area,Westlands,5.0,6.0,,75000000,2026-04-26 20:51:53+00:00,houses-for-sale/nairobi,sale,3975424,townhouse,False
https://www.buyrentkenya.com/listings/4-bedroom-house-for-sale-kiambu-road-3975370,"4 Bed House at Mushroom Road for KSh 46,500,000 | BuyRentKenya",Kiambu Road,Kiambu Road,4.0,3.0,,46500000,2026-04-18 21:31:40+00:00,houses-for-sale/nairobi,sale,3975370,house,False
https://www.buyrentkenya.com/listings/4-bedroom-house-for-sale-muthaiga-3969262,"4 Bed House in Muthaiga for KSh 250,000,000 | BuyRentKenya",Muthaiga,Muthaiga,4.0,3.0,,250000000,2026-04-09 15:18:42+00:00,houses-for-sale/nairobi,sale,3969262,house,False
https://www.buyrentkenya.com/listings/furnished-4-bedroom-house-for-sale-lavington-3974795,"Serviced 4 Bed House at Valley Arcade for KSh 27,500,000 | BuyRentKenya",Lavington,Lavington,4.0,5.0,,27500000,2026-04-24 13:24:53+00:00,houses-for-sale/nairobi,sale,3974795,house,True
https://www.buyrentkenya.com/listings/5-bedroom-villa-for-sale-nyari-3974791,"5 Bed Villa in Nyari for KSh 140,000,000 | BuyRentKenya",Nyari,Westlands,5.0,6.0,,140000000,2026-04-18 02:20:59+00:00,houses-for-sale/nairobi,sale,3974791,villa,False
https://www.buyrentkenya.com/listings/5-bedroom-house-for-sale-muthaiga-3974766,"5 Bed House in Muthaiga for KSh 430,000,000 | BuyRentKenya",Muthaiga,Muthaiga,5.0,6.0,,430000000,2026-04-24 13:46:16+00:00,houses-for-sale/nairobi,sale,3974766,house,False
https://www.buyrentkenya.com/listings/6-bedroom-villa-for-sale-westlands-area-3974620,"6 Bed Villa at Peponi Road for KSh 140,000,000 | BuyRentKenya",Westlands Area,Westlands,6.0,7.0,,140000000,2026-04-17 12:24:55+00:00,houses-for-sale/nairobi,sale,3974620,villa,False
https://www.buyrentkenya.com/listings/5-bedroom-villa-for-sale-runda-3974608,"5 Bed Villa in Runda for KSh 148,000,000 | BuyRentKenya",Runda,Westlands,5.0,5.0,,148000000,2026-04-17 12:12:49+00:00,houses-for-sale/nairobi,sale,3974608,villa,False
https://www.buyrentkenya.com/listings/4-bedroom-villa-for-sale-kitisuru-3971559,"4 Bed Villa in Kitisuru for KSh 75,000,000 | BuyRentKenya",Kitisuru,Westlands,4.0,4.0,,75000000,2026-04-13 13:10:50+00:00,houses-for-sale/nairobi,sale,3971559,villa,False
https://www.buyrentkenya.com/listings/5-bedroom-villa-for-sale-lavington-3974440,"5 Bed Villa in Lavington for KSh 85,000,000 | BuyRentKenya",Lavington,Lavington,5.0,6.0,620.0,85000000,2026-04-17 10:07:33+00:00,houses-for-sale/nairobi,sale,3974440,villa,False
https://www.buyrentkenya.com/listings/5-bedroom-villa-for-sale-karen-hardy-3974220,"Serviced 5 Bed Villa at Hardy Karen for KSh 185,000,000 | BuyRentKenya",Karen Hardy,Karen Hardy,5.0,7.0,2024.0,185000000,2026-04-17 06:45:46+00:00,houses-for-sale/nairobi,sale,3974220,villa,True
https://www.buyrentkenya.com/listings/4-bedroom-townhouse-for-sale-loresho-3974087,"4 Bed Townhouse in Loresho for KSh 105,000,000 | BuyRentKenya",Loresho,Westlands,4.0,5.0,432.0,105000000,2026-04-16 19:21:50+00:00,houses-for-sale/nairobi,sale,3974087,townhouse,False
https://www.buyrentkenya.com/listings/4-bedroom-townhouse-for-sale-karen-3973379,"4 Bed Townhouse at Miotoni for KSh 100,000,000 | BuyRentKenya",Karen,Karen,4.0,5.0,,100000000,2026-04-15 17:32:06+00:00,houses-for-sale/nairobi,sale,3973379,townhouse,False
https://www.buyrentkenya.com/listings/10-bedroom-house-for-sale-karen-3973186,"Serviced 10 Bed House in Karen for KSh 450,000,000 | BuyRentKenya",Karen,Karen,10.0,,,450000000,2026-04-16 14:40:13+00:00,houses-for-sale/nairobi,sale,3973186,house,True
https://www.buyrentkenya.com/listings/4-bedroom-villa-for-sale-thika-road-3973158,"4 Bed Villa at Thika Greens for KSh 40,000,000 | BuyRentKenya",Thika Road,Thika Road,4.0,4.0,400.0,40000000,2026-04-18 09:15:52+00:00,houses-for-sale/nairobi,sale,3973158,villa,False
https://www.buyrentkenya.com/listings/4-bedroom-villa-for-sale-runda-3973950,"Serviced 4 Bed Villa at Off Kiambu Road for KSh 50,000,000 | BuyRentKenya",Runda,Westlands,4.0,5.0,360.0,50000000,2026-04-16 11:46:15+00:00,houses-for-sale/nairobi,sale,3973950,villa,True
https://www.buyrentkenya.com/listings/5-bedroom-townhouse-for-sale-lavington-3851480,"5 Bed Townhouse at Lavington Rd for KSh 45,000,000 | BuyRentKenya",Lavington,Lavington,5.0,6.0,,45000000,2026-04-16 10:48:31+00:00,houses-for-sale/nairobi,sale,3851480,townhouse,False
https://www.buyrentkenya.com/listings/4-bedroom-villa-for-sale-loresho-3973832,"4 Bed Villa in Loresho for KSh 103,000,000 | BuyRentKenya",Loresho,Westlands,4.0,6.0,,103000000,2026-04-16 09:12:37+00:00,houses-for-sale/nairobi,sale,3973832,villa,False
https://www.buyrentkenya.com/listings/5-bedroom-house-for-sale-runda-3973762,"5 Bed House in Runda for KSh 130,000,000 | BuyRentKenya",Runda,Westlands,5.0,5.0,,130000000,2026-04-16 08:16:09+00:00,houses-for-sale/nairobi,sale,3973762,house,False
https://www.buyrentkenya.com/listings/5-bedroom-house-for-sale-runda-3973755,"5 Bed House in Runda for KSh 130,000,000 | BuyRentKenya",Runda,Westlands,5.0,5.0,,130000000,2026-04-20 06:40:42+00:00,houses-for-sale/nairobi,sale,3973755,house,False
https://www.buyrentkenya.com/listings/6-bedroom-townhouse-for-sale-lavington-3973602,"6 Bed Townhouse in Lavington for KSh 75,000,000 | BuyRentKenya",Lavington,Lavington,6.0,5.0,,75000000,2026-04-16 06:16:32+00:00,houses-for-sale/nairobi,sale,3973602,townhouse,False
https://www.buyrentkenya.com/listings/4-bedroom-townhouse-for-sale-kilimani-3973442,"4 Bed Townhouse in Kilimani for KSh 55,000,000 | BuyRentKenya",Kilimani,Kilimani,4.0,2.0,,55000000,2026-04-16 02:12:59+00:00,houses-for-sale/nairobi,sale,3973442,townhouse,False
https://www.buyrentkenya.com/listings/4-bedroom-house-for-sale-loresho-3973421,"4 Bed House in Loresho for KSh 82,000,000 | BuyRentKenya",Loresho,Westlands,4.0,3.0,,82000000,2026-04-15 19:37:01+00:00,houses-for-sale/nairobi,sale,3973421,house,False
https://www.buyrentkenya.com/listings/4-bedroom-house-for-sale-lavington-3973424,"4 Bed House at Lavington Green for KSh 170,000,000 | BuyRentKenya",Lavington,Lavington,4.0,5.0,,170000000,2026-04-15 19:36:42+00:00,houses-for-sale/nairobi,sale,3973424,house,False
https://www.buyrentkenya.com/listings/4-bedroom-townhouse-for-sale-lavington-3973395,"4 Bed Townhouse in Lavington for KSh 170,000,000 | BuyRentKenya",Lavington,Lavington,4.0,5.0,,170000000,2026-04-15 18:25:36+00:00,houses-for-sale/nairobi,sale,3973395,townhouse,False
https://www.buyrentkenya.com/listings/5-bedroom-townhouse-for-sale-lavington-3973400,"5 Bed Townhouse in Lavington for KSh 110,000,000 | BuyRentKenya",Lavington,Lavington,5.0,6.0,,110000000,2026-04-15 18:22:41+00:00,houses-for-sale/nairobi,sale,3973400,townhouse,False
https://www.buyrentkenya.com/listings/6-bedroom-townhouse-for-sale-lavington-3973392,"6 Bed Townhouse in Lavington for KSh 220,000,000 | BuyRentKenya",Lavington,Lavington,6.0,6.0,,220000000,2026-04-15 18:13:29+00:00,houses-for-sale/nairobi,sale,3973392,townhouse,False
https://www.buyrentkenya.com/listings/4-bedroom-house-for-sale-loresho-3973378,"4 Bed House in Loresho for KSh 75,000,000 | BuyRentKenya",Loresho,Westlands,4.0,2.0,,75000000,2026-04-15 17:19:37+00:00,houses-for-sale/nairobi,sale,3973378,house,False
https://www.buyrentkenya.com/listings/4-bedroom-townhouse-for-sale-langata-3973368,"4 Bed Townhouse at Langata Road for KSh 38,600,000 | BuyRentKenya",Langata,Langata,4.0,4.0,246.0,38600000,2026-04-15 16:50:12+00:00,houses-for-sale/nairobi,sale,3973368,townhouse,False
https://www.buyrentkenya.com/listings/4-bedroom-house-for-sale-lavington-3943290,"4 Bed House in Lavington for KSh 40,000,000 | BuyRentKenya",Lavington,Lavington,4.0,,399.0,40000000,2026-03-10 14:18:45+00:00,houses-for-sale/nairobi,sale,3943290,house,False
https://www.buyrentkenya.com/listings/furnished-4-bedroom-house-for-sale-kiambu-road-3890189,"Serviced 4 Bed House in Kiambu Road for KSh 65,000,000 | BuyRentKenya",Kiambu Road,Kiambu Road,4.0,5.0,550.0,65000000,2026-03-10 17:52:54+00:00,houses-for-sale/nairobi,sale,3890189,house,True
https://www.buyrentkenya.com/listings/4-bedroom-townhouse-for-sale-runda-3924591,"4 Bed Townhouse in Runda for KSh 42,000,000 | BuyRentKenya",Runda,Westlands,4.0,5.0,,42000000,2026-03-10 17:52:55+00:00,houses-for-sale/nairobi,sale,3924591,townhouse,False
https://www.buyrentkenya.com/listings/5-bedroom-villa-for-sale-lavington-3973243,"5 Bed Villa at Lavington for KSh 95,000,000 | BuyRentKenya",Lavington,Lavington,5.0,5.0,463.0,95000000,2026-04-15 12:42:17+00:00,houses-for-sale/nairobi,sale,3973243,villa,False
https://www.buyrentkenya.com/listings/5-bedroom-villa-for-sale-riverside-3973227,"5 Bed Villa at Mzima Spring for KSh 182,000,000 | BuyRentKenya",Riverside,Westlands,5.0,5.0,,182000000,2026-04-15 12:32:03+00:00,houses-for-sale/nairobi,sale,3973227,villa,False
https://www.buyrentkenya.com/listings/5-bedroom-townhouse-for-sale-lavington-3973203,"5 Bed Townhouse in Lavington for KSh 63,000,000 | BuyRentKenya",Lavington,Lavington,5.0,5.0,,63000000,2026-04-15 12:13:22+00:00,houses-for-sale/nairobi,sale,3973203,townhouse,False
https://www.buyrentkenya.com/listings/5-bedroom-townhouse-for-sale-lavington-3973201,"5 Bed Townhouse in Lavington for KSh 130,000,000 | BuyRentKenya",Lavington,Lavington,5.0,5.0,765.0,130000000,2026-04-15 11:59:17+00:00,houses-for-sale/nairobi,sale,3973201,townhouse,False
https://www.buyrentkenya.com/listings/4-bedroom-townhouse-for-sale-lavington-3973191,"4 Bed Townhouse in Lavington for KSh 70,000,000 | BuyRentKenya",Lavington,Lavington,4.0,5.0,,70000000,2026-04-15 11:55:45+00:00,houses-for-sale/nairobi,sale,3973191,townhouse,False
https://www.buyrentkenya.com/listings/5-bedroom-townhouse-for-sale-lavington-3973173,"5 Bed Townhouse in Lavington for KSh 50,000,000 | BuyRentKenya",Lavington,Lavington,5.0,6.0,,50000000,2026-04-15 11:52:15+00:00,houses-for-sale/nairobi,sale,3973173,townhouse,False
https://www.buyrentkenya.com/listings/5-bedroom-townhouse-for-sale-lavington-3973171,"5 Bed Townhouse in Lavington for KSh 70,000,000 | BuyRentKenya",Lavington,Lavington,5.0,4.0,,70000000,2026-04-15 11:44:29+00:00,houses-for-sale/nairobi,sale,3973171,townhouse,False
https://www.buyrentkenya.com/listings/5-bedroom-townhouse-for-sale-lavington-3973170,"5 Bed Townhouse in Lavington for KSh 110,000,000 | BuyRentKenya",Lavington,Lavington,5.0,5.0,,110000000,2026-04-15 11:39:42+00:00,houses-for-sale/nairobi,sale,3973170,townhouse,False
https://www.buyrentkenya.com/listings/4-bedroom-townhouse-for-sale-lavington-3973167,"4 Bed Townhouse in Lavington for KSh 58,000,000 | BuyRentKenya",Lavington,Lavington,4.0,5.0,,58000000,2026-04-15 11:33:40+00:00,houses-for-sale/nairobi,sale,3973167,townhouse,False
https://www.buyrentkenya.com/listings/4-bedroom-townhouse-for-sale-lavington-3973159,"4 Bed Townhouse in Lavington for KSh 75,000,000 | BuyRentKenya",Lavington,Lavington,4.0,5.0,,75000000,2026-04-15 11:28:21+00:00,houses-for-sale/nairobi,sale,3973159,townhouse,False
https://www.buyrentkenya.com/listings/10-bedroom-house-for-sale-lavington-3973152,"10 Bed House in Lavington for KSh 230,000,000 | BuyRentKenya",Lavington,Lavington,10.0,7.0,,230000000,2026-04-15 11:21:02+00:00,houses-for-sale/nairobi,sale,3973152,house,False
https://www.buyrentkenya.com/listings/5-bedroom-villa-for-sale-lavington-3973149,"5 Bed Villa at Jacaranda Avenue for KSh 160,000,000 | BuyRentKenya",Lavington,Lavington,5.0,6.0,,160000000,2026-04-18 09:15:52+00:00,houses-for-sale/nairobi,sale,3973149,villa,False
https://www.buyrentkenya.com/listings/5-bedroom-townhouse-for-sale-lavington-3973144,"5 Bed Townhouse in Lavington for KSh 80,000,000 | BuyRentKenya",Lavington,Lavington,5.0,5.0,,80000000,2026-04-15 11:10:28+00:00,houses-for-sale/nairobi,sale,3973144,townhouse,False
https://www.buyrentkenya.com/listings/5-bedroom-house-for-sale-kitisuru-3927567,"5 Bed House in Kitisuru for KSh 125,000,000 | BuyRentKenya",Kitisuru,Westlands,5.0,,,125000000,2026-03-11 09:09:01+00:00,houses-for-sale/nairobi,sale,3927567,house,False
https://www.buyrentkenya.com/listings/4-bedroom-house-for-sale-westlands-area-3844613,"4 Bed House in Westlands Area for KSh 75,000,000 | BuyRentKenya",Westlands Area,Westlands,4.0,,,75000000,2026-03-12 05:07:32+00:00,houses-for-sale/nairobi,sale,3844613,house,False
https://www.buyrentkenya.com/listings/4-bedroom-house-for-sale-kitisuru-3818066,"4 Bed House in Kitisuru for KSh 85,000,000 | BuyRentKenya",Kitisuru,Westlands,4.0,4.0,,85000000,2026-03-12 05:07:51+00:00,houses-for-sale/nairobi,sale,3818066,house,False
https://www.buyrentkenya.com/listings/5-bedroom-townhouse-for-sale-lavington-3973074,"5 Bed Townhouse in Lavington for KSh 60,000,000 | BuyRentKenya",Lavington,Lavington,5.0,5.0,,60000000,2026-04-15 09:43:46+00:00,houses-for-sale/nairobi,sale,3973074,townhouse,False
https://www.buyrentkenya.com/listings/5-bedroom-townhouse-for-sale-lavington-3973073,"5 Bed Townhouse in Lavington for KSh 75,000,000 | BuyRentKenya",Lavington,Lavington,5.0,6.0,,75000000,2026-04-15 09:37:44+00:00,houses-for-sale/nairobi,sale,3973073,townhouse,False
https://www.buyrentkenya.com/listings/5-bedroom-townhouse-for-sale-lavington-3973072,"5 Bed Townhouse in Lavington for KSh 85,000,000 | BuyRentKenya",Lavington,Lavington,5.0,5.0,,85000000,2026-04-15 09:34:42+00:00,houses-for-sale/nairobi,sale,3973072,townhouse,False
https://www.buyrentkenya.com/listings/5-bedroom-townhouse-for-sale-lavington-3973069,"5 Bed Townhouse in Lavington for KSh 75,000,000 | BuyRentKenya",Lavington,Lavington,5.0,6.0,,75000000,2026-04-15 09:29:43+00:00,houses-for-sale/nairobi,sale,3973069,townhouse,False
https://www.buyrentkenya.com/listings/5-bedroom-townhouse-for-sale-lavington-3973061,"5 Bed Townhouse in Lavington for KSh 90,000,000 | BuyRentKenya",Lavington,Lavington,5.0,5.0,,90000000,2026-04-15 09:21:13+00:00,houses-for-sale/nairobi,sale,3973061,townhouse,False
https://www.buyrentkenya.com/listings/5-bedroom-townhouse-for-sale-lavington-3973040,"5 Bed Townhouse in Lavington for KSh 85,000,000 | BuyRentKenya",Lavington,Lavington,5.0,6.0,,85000000,2026-04-15 09:15:33+00:00,houses-for-sale/nairobi,sale,3973040,townhouse,False
https://www.buyrentkenya.com/listings/5-bedroom-townhouse-for-sale-lavington-3973032,"5 Bed Townhouse in Lavington for KSh 75,000,000 | BuyRentKenya",Lavington,Lavington,5.0,5.0,,75000000,2026-04-15 09:12:12+00:00,houses-for-sale/nairobi,sale,3973032,townhouse,False
https://www.buyrentkenya.com/listings/4-bedroom-house-for-sale-karen-3972964,"4 Bed House in Karen for KSh 100,000,000 | BuyRentKenya",Karen,Karen,4.0,5.0,,100000000,2026-04-15 08:33:26+00:00,houses-for-sale/nairobi,sale,3972964,house,False
https://www.buyrentkenya.com/listings/5-bedroom-house-for-sale-karen-3972957,"5 Bed House in Karen for KSh 65,000,000 | BuyRentKenya",Karen,Karen,5.0,5.0,250.0,65000000,2026-04-15 08:10:18+00:00,houses-for-sale/nairobi,sale,3972957,house,False
https://www.buyrentkenya.com/listings/furnished-4-bedroom-house-for-sale-kilimani-3972832,"Serviced 4 Bed House at Kilimani Hurlingham for KSh 29,500,000 | BuyRentKenya",Kilimani,Kilimani,4.0,4.0,300.0,29500000,2026-04-24 13:24:53+00:00,houses-for-sale/nairobi,sale,3972832,house,True
https://www.buyrentkenya.com/listings/4-bedroom-townhouse-for-sale-karen-hardy-3972500,"Serviced 4 Bed Townhouse at Gataka Road for KSh 12,000,000 | BuyRentKenya",Karen Hardy,Karen Hardy,4.0,4.0,,12000000,2026-04-15 06:08:54+00:00,houses-for-sale/nairobi,sale,3972500,townhouse,True
https://www.buyrentkenya.com/listings/5-bedroom-house-for-sale-spring-valley-3972635,"5 Bed House in Spring Valley for KSh 60,000,000 | BuyRentKenya",Spring Valley,Westlands,5.0,5.0,,60000000,2026-04-15 05:37:13+00:00,houses-for-sale/nairobi,sale,3972635,house,False
https://www.buyrentkenya.com/listings/5-bedroom-house-for-sale-karen-3972551,"5 Bed House at Karen Miotoni for KSh 200,000,000 | BuyRentKenya",Karen,Karen,5.0,6.0,,200000000,2026-04-24 13:46:15+00:00,houses-for-sale/nairobi,sale,3972551,house,False
https://www.buyrentkenya.com/listings/4-bedroom-townhouse-for-sale-kiambu-road-3972549,"4 Bed Townhouse at Migaa Golf Club for KSh 35,000,000 | BuyRentKenya",Kiambu Road,Kiambu Road,4.0,5.0,,35000000,2026-04-24 13:46:15+00:00,houses-for-sale/nairobi,sale,3972549,townhouse,False
https://www.buyrentkenya.com/listings/4-bedroom-townhouse-for-sale-kiambu-road-3972537,"4 Bed Townhouse in Kiambu Road for KSh 43,000,000 | BuyRentKenya",Kiambu Road,Kiambu Road,4.0,5.0,,43000000,2026-04-24 13:46:14+00:00,houses-for-sale/nairobi,sale,3972537,townhouse,False
https://www.buyrentkenya.com/listings/5-bedroom-villa-for-sale-lavington-3972535,"5 Bed Villa at Chalbi for KSh 70,000,000 | BuyRentKenya",Lavington,Lavington,5.0,5.0,400.0,70000000,2026-04-14 19:21:37+00:00,houses-for-sale/nairobi,sale,3972535,villa,False
https://www.buyrentkenya.com/listings/5-bedroom-house-for-sale-runda-3972522,"5 Bed House in Runda for KSh 230,000,000 | BuyRentKenya",Runda,Westlands,5.0,5.0,,230000000,2026-04-14 18:23:23+00:00,houses-for-sale/nairobi,sale,3972522,house,False
https://www.buyrentkenya.com/listings/5-bedroom-villa-for-sale-lavington-3972503,"5 Bed Villa at Lavington for KSh 110,000,000 | BuyRentKenya",Lavington,Lavington,5.0,5.0,,110000000,2026-04-14 16:16:20+00:00,houses-for-sale/nairobi,sale,3972503,villa,False
https://www.buyrentkenya.com/listings/4-bedroom-house-for-sale-dagoretti-corner-3972493,"4 Bed House at Muhuri Road for KSh 25,000,000 | BuyRentKenya",Dagoretti Corner,Dagoretti Corner,4.0,5.0,147.0,25000000,2026-04-20 06:40:40+00:00,houses-for-sale/nairobi,sale,3972493,house,False
https://www.buyrentkenya.com/listings/5-bedroom-house-for-sale-kiambu-road-3944694,"5 Bed House at Mushroom Gardens for KSh 120,000,000 | BuyRentKenya",Kiambu Road,Kiambu Road,5.0,5.0,,120000000,2026-04-13 13:59:17+00:00,houses-for-sale/nairobi,sale,3944694,house,False
https://www.buyrentkenya.com/listings/3-bedroom-townhouse-for-sale-kiambu-road-3972481,"3 Bed Townhouse at Runda for KSh 30,000,000 | BuyRentKenya",Kiambu Road,Kiambu Road,3.0,2.0,,30000000,2026-04-14 14:04:37+00:00,houses-for-sale/nairobi,sale,3972481,townhouse,False
https://www.buyrentkenya.com/listings/5-bedroom-villa-for-sale-runda-3945403,"5 Bed Villa in Runda for KSh 260,000,000 | BuyRentKenya",Runda,Westlands,5.0,6.0,,260000000,2026-03-12 10:15:10+00:00,houses-for-sale/nairobi,sale,3945403,villa,False
https://www.buyrentkenya.com/listings/3-bedroom-townhouse-for-sale-kyuna-3972471,"3 Bed Townhouse in Kyuna for KSh 48,000,000 | BuyRentKenya",Kyuna,Westlands,3.0,4.0,,48000000,2026-04-14 13:40:39+00:00,houses-for-sale/nairobi,sale,3972471,townhouse,False
https://www.buyrentkenya.com/listings/5-bedroom-villa-for-sale-runda-3961220,"5 Bed Villa in Runda for KSh 105,000,000 | BuyRentKenya",Runda,Westlands,5.0,6.0,,105000000,2026-03-29 16:49:34+00:00,houses-for-sale/nairobi,sale,3961220,villa,False
https://www.buyrentkenya.com/listings/5-bedroom-townhouse-for-sale-westlands-area-3972402,"5 Bed Townhouse in Westlands Area for KSh 90,000,000 | BuyRentKenya",Westlands Area,Westlands,5.0,5.0,,90000000,2026-04-14 12:24:44+00:00,houses-for-sale/nairobi,sale,3972402,townhouse,False
https://www.buyrentkenya.com/listings/6-bedroom-townhouse-for-sale-brookside-3972318,"6 Bed Townhouse at Off Brookside Drive for KSh 43,000,000 | BuyRentKenya",Brookside,Westlands,6.0,6.0,,43000000,2026-04-18 09:15:50+00:00,houses-for-sale/nairobi,sale,3972318,townhouse,False
https://www.buyrentkenya.com/listings/4-bedroom-townhouse-for-sale-loresho-3972174,"4 Bed Townhouse at Loresho for KSh 108,000,000 | BuyRentKenya",Loresho,Westlands,4.0,4.0,432.0,108000000,2026-04-18 09:15:50+00:00,houses-for-sale/nairobi,sale,3972174,townhouse,False
https://www.buyrentkenya.com/listings/4-bedroom-house-for-sale-kiambu-road-3972048,"4 Bed House in Kiambu Road for KSh 53,000,000 | BuyRentKenya",Kiambu Road,Kiambu Road,4.0,5.0,,53000000,2026-04-14 08:11:23+00:00,houses-for-sale/nairobi,sale,3972048,house,False
https://www.buyrentkenya.com/listings/5-bedroom-townhouse-for-sale-lavington-3971988,"5 Bed Townhouse in Lavington for KSh 68,000,000 | BuyRentKenya",Lavington,Lavington,5.0,,,68000000,2026-04-20 08:18:42+00:00,houses-for-sale/nairobi,sale,3971988,townhouse,False
https://www.buyrentkenya.com/listings/5-bedroom-townhouse-for-sale-lavington-3971717,"5 Bed Townhouse at Lavington for KSh 55,000,000 | BuyRentKenya",Lavington,Lavington,5.0,6.0,505.0,55000000,2026-04-13 20:47:11+00:00,houses-for-sale/nairobi,sale,3971717,townhouse,False
https://www.buyrentkenya.com/listings/6-bedroom-townhouse-for-sale-lavington-3971710,"6 Bed Townhouse at Lavington Green for KSh 150,000,000 | BuyRentKenya",Lavington,Lavington,6.0,7.0,,150000000,2026-04-13 19:57:05+00:00,houses-for-sale/nairobi,sale,3971710,townhouse,False
https://www.buyrentkenya.com/listings/4-bedroom-house-for-sale-kilimani-3971691,"4 Bed House in Kilimani for KSh 30,000,000 | BuyRentKenya",Kilimani,Kilimani,4.0,2.0,,30000000,2026-04-13 18:14:08+00:00,houses-for-sale/nairobi,sale,3971691,house,False
https://www.buyrentkenya.com/listings/5-bedroom-townhouse-for-sale-lavington-3971667,"5 Bed Townhouse at Lavington Green for KSh 78,000,000 | BuyRentKenya",Lavington,Lavington,5.0,5.0,,78000000,2026-04-13 16:00:07+00:00,houses-for-sale/nairobi,sale,3971667,townhouse,False
https://www.buyrentkenya.com/listings/4-bedroom-villa-for-sale-spring-valley-3971644,"4 Bed Villa in Spring Valley for KSh 140,000,000 | BuyRentKenya",Spring Valley,Westlands,4.0,5.0,,140000000,2026-04-13 14:54:47+00:00,houses-for-sale/nairobi,sale,3971644,villa,False
https://www.buyrentkenya.com/listings/5-bedroom-house-for-sale-rosslyn-3971358,"5 Bed House in Rosslyn for KSh 138,000,000 | BuyRentKenya",Rosslyn,Westlands,5.0,5.0,,138000000,2026-04-13 11:16:29+00:00,houses-for-sale/nairobi,sale,3971358,house,False
https://www.buyrentkenya.com/listings/5-bedroom-house-for-sale-gigiri-3971347,"5 Bed House in Gigiri for KSh 138,000,000 | BuyRentKenya",Gigiri,Westlands,5.0,5.0,,138000000,2026-04-13 11:06:15+00:00,houses-for-sale/nairobi,sale,3971347,house,False
https://www.buyrentkenya.com/listings/6-bedroom-townhouse-for-sale-kiambu-road-3971233,"Serviced 6 Bed Townhouse in Kiambu Road for KSh 99,000,000 | BuyRentKenya",Kiambu Road,Kiambu Road,6.0,5.0,220.0,99000000,2026-04-13 09:54:37+00:00,houses-for-sale/nairobi,sale,3971233,townhouse,True
https://www.buyrentkenya.com/listings/5-bedroom-house-for-sale-lavington-3971165,"5 Bed House in Lavington for KSh 160,000,000 | BuyRentKenya",Lavington,Lavington,5.0,5.0,,160000000,2026-04-13 09:18:22+00:00,houses-for-sale/nairobi,sale,3971165,house,False
https://www.buyrentkenya.com/listings/5-bedroom-house-for-sale-nyari-3971137,"5 Bed House in Nyari for KSh 140,000,000 | BuyRentKenya",Nyari,Westlands,5.0,5.0,,140000000,2026-04-13 09:03:51+00:00,houses-for-sale/nairobi,sale,3971137,house,False
https://www.buyrentkenya.com/listings/4-bedroom-house-for-sale-runda-3968989,"4 Bed House in Runda for KSh 90,000,000 | BuyRentKenya",Runda,Westlands,4.0,5.0,,90000000,2026-04-24 13:46:13+00:00,houses-for-sale/nairobi,sale,3968989,house,False
https://www.buyrentkenya.com/listings/5-bedroom-villa-for-sale-loresho-3971112,"5 Bed Villa in Loresho for KSh 120,000,000 | BuyRentKenya",Loresho,Westlands,5.0,5.0,700.0,120000000,2026-04-13 08:48:24+00:00,houses-for-sale/nairobi,sale,3971112,villa,False
https://www.buyrentkenya.com/listings/5-bedroom-townhouse-for-sale-lavington-3971090,"5 Bed Townhouse in Lavington for KSh 60,000,000 | BuyRentKenya",Lavington,Lavington,5.0,5.0,,60000000,2026-04-13 08:39:49+00:00,houses-for-sale/nairobi,sale,3971090,townhouse,False
https://www.buyrentkenya.com/listings/5-bedroom-house-for-sale-lower-kabete-3970936,"5 Bed House in Lower Kabete for KSh 135,000,000 | BuyRentKenya",Lower Kabete,Westlands,5.0,5.0,,135000000,2026-04-13 06:58:11+00:00,houses-for-sale/nairobi,sale,3970936,house,False
https://www.buyrentkenya.com/listings/3-bedroom-house-for-sale-karen-3970889,"3 Bed House in Karen for KSh 100,000,000 | BuyRentKenya",Karen,Karen,3.0,3.0,,100000000,2026-04-13 06:34:01+00:00,houses-for-sale/nairobi,sale,3970889,house,False
https://www.buyrentkenya.com/listings/5-bedroom-townhouse-for-sale-lower-kabete-3970824,"5 Bed Townhouse in Lower Kabete for KSh 160,000,000 | BuyRentKenya",Lower Kabete,Westlands,5.0,5.0,,160000000,2026-04-13 06:09:07+00:00,houses-for-sale/nairobi,sale,3970824,townhouse,False
https://www.buyrentkenya.com/listings/5-bedroom-townhouse-for-sale-lavington-3970652,"5 Bed Townhouse at Lavington Green for KSh 75,000,000 | BuyRentKenya",Lavington,Lavington,5.0,5.0,,75000000,2026-04-12 21:31:46+00:00,houses-for-sale/nairobi,sale,3970652,townhouse,False
https://www.buyrentkenya.com/listings/6-bedroom-villa-for-sale-karen-3970583,"6 Bed Villa at The Hub for KSh 160,000,000 | BuyRentKenya",Karen,Karen,6.0,6.0,638.0,160000000,2026-04-12 12:45:51+00:00,houses-for-sale/nairobi,sale,3970583,villa,False
https://www.buyrentkenya.com/listings/4-bedroom-townhouse-for-sale-loresho-3970533,"4 Bed Townhouse in Loresho for KSh 115,000,000 | BuyRentKenya",Loresho,Westlands,4.0,4.0,,115000000,2026-04-11 19:23:12+00:00,houses-for-sale/nairobi,sale,3970533,townhouse,False
https://www.buyrentkenya.com/listings/4-bedroom-townhouse-for-sale-nyari-3970528,"4 Bed Townhouse in Nyari for KSh 85,000,000 | BuyRentKenya",Nyari,Westlands,4.0,4.0,,85000000,2026-04-11 18:43:54+00:00,houses-for-sale/nairobi,sale,3970528,townhouse,False
https://www.buyrentkenya.com/listings/5-bedroom-villa-for-sale-lavington-3970514,"5 Bed Villa at Lavington for KSh 85,000,000 | BuyRentKenya",Lavington,Lavington,5.0,5.0,620.0,85000000,2026-04-11 15:56:42+00:00,houses-for-sale/nairobi,sale,3970514,villa,False
https://www.buyrentkenya.com/listings/5-bedroom-villa-for-sale-lavington-3970513,"5 Bed Villa at Lavington Green for KSh 48,000,000 | BuyRentKenya",Lavington,Lavington,5.0,5.0,360.0,48000000,2026-04-24 13:24:53+00:00,houses-for-sale/nairobi,sale,3970513,villa,False
https://www.buyrentkenya.com/listings/5-bedroom-townhouse-for-sale-lavington-3970419,"5 Bed Townhouse in Lavington for KSh 150,000,000 | BuyRentKenya",Lavington,Lavington,5.0,5.0,,150000000,2026-04-11 09:58:37+00:00,houses-for-sale/nairobi,sale,3970419,townhouse,False
https://www.buyrentkenya.com/listings/5-bedroom-house-for-sale-karen-3970408,"5 Bed House at Karen Ridge Rd for KSh 160,000,000 | BuyRentKenya",Karen,Karen,5.0,5.0,620.0,160000000,2026-04-24 07:32:53+00:00,houses-for-sale/nairobi,sale,3970408,house,False
https://www.buyrentkenya.com/listings/4-bedroom-villa-for-rent-lake-view-3969914,"4 Bed Villa in Lake View for KSh 480,000 / month | BuyRentKenya",Lake View,Westlands,4.0,4.0,,480000,2026-04-24 10:41:47+00:00,houses-for-rent/nairobi,rent,3969914,villa,False
https://www.buyrentkenya.com/listings/5-bedroom-house-for-rent-gigiri-3976448,"5 Bed House in Gigiri for KSh 455,000 / month | BuyRentKenya",Gigiri,Westlands,5.0,,,455000,2026-04-20 13:37:53+00:00,houses-for-rent/nairobi,rent,3976448,house,False
https://www.buyrentkenya.com/listings/5-bedroom-townhouse-for-rent-kilimani-3972521,"5 Bed Townhouse at Kilimani for KSh 180,000 / month | BuyRentKenya",Kilimani,Kilimani,5.0,3.0,,180000,2026-04-14 18:47:40+00:00,houses-for-rent/nairobi,rent,3972521,townhouse,False
https://www.buyrentkenya.com/listings/4-bedroom-house-for-rent-kitisuru-3980959,"4 Bed House in Kitisuru for KSh 450,000 / month | BuyRentKenya",Kitisuru,Westlands,4.0,6.0,,450000,2026-04-27 19:13:34+00:00,houses-for-rent/nairobi,rent,3980959,house,False
https://www.buyrentkenya.com/listings/4-bedroom-house-for-rent-runda-3980952,"4 Bed House at Runda for KSh 400,000 / month | BuyRentKenya",Runda,Westlands,4.0,4.0,,400000,2026-04-27 18:57:49+00:00,houses-for-rent/nairobi,rent,3980952,house,False
https://www.buyrentkenya.com/listings/5-bedroom-house-for-rent-lavington-3980953,"5 Bed House in Lavington for KSh 700,000 / month | BuyRentKenya",Lavington,Lavington,5.0,8.0,,700000,2026-04-27 18:57:18+00:00,houses-for-rent/nairobi,rent,3980953,house,False
https://www.buyrentkenya.com/listings/4-bedroom-house-for-rent-lavington-3980951,"4 Bed House in Lavington for KSh 400,000 / month | BuyRentKenya",Lavington,Lavington,4.0,6.0,,400000,2026-04-27 18:38:54+00:00,houses-for-rent/nairobi,rent,3980951,house,False
https://www.buyrentkenya.com/listings/7-bedroom-house-for-rent-karen-3977755,"Serviced 7 Bed House at Hillcrest for KSh 400,000 / month | BuyRentKenya",Karen,Karen,7.0,6.0,,400000,2026-04-22 15:58:57+00:00,houses-for-rent/nairobi,rent,3977755,house,True
https://www.buyrentkenya.com/listings/6-bedroom-house-for-rent-karen-3977830,"6 Bed House at Kephis for KSh 650,000 / month | BuyRentKenya",Karen,Karen,6.0,6.0,215.0,650000,2026-04-22 18:25:10+00:00,houses-for-rent/nairobi,rent,3977830,house,False
https://www.buyrentkenya.com/listings/6-bedroom-townhouse-for-rent-lavington-3980947,"6 Bed Townhouse at Lavington for KSh 580,000 / month | BuyRentKenya",Lavington,Lavington,6.0,7.0,795.0,580000,2026-04-27 18:19:45+00:00,houses-for-rent/nairobi,rent,3980947,townhouse,False
https://www.buyrentkenya.com/listings/4-bedroom-townhouse-for-rent-runda-3980946,"4 Bed Townhouse in Runda for KSh 400,000 / month | BuyRentKenya",Runda,Westlands,4.0,4.0,,400000,2026-04-27 17:26:52+00:00,houses-for-rent/nairobi,rent,3980946,townhouse,False
https://www.buyrentkenya.com/listings/5-bedroom-townhouse-for-rent-lavington-3980938,"5 Bed Townhouse at Lavington for KSh 420,000 / month | BuyRentKenya",Lavington,Lavington,5.0,6.0,573.0,420000,2026-04-27 17:20:08+00:00,houses-for-rent/nairobi,rent,3980938,townhouse,False
https://www.buyrentkenya.com/listings/5-bedroom-house-for-rent-runda-3980944,"5 Bed House in Runda for KSh 780,000 / month | BuyRentKenya",Runda,Westlands,5.0,5.0,,780000,2026-04-27 17:16:48+00:00,houses-for-rent/nairobi,rent,3980944,house,False
https://www.buyrentkenya.com/listings/4-bedroom-townhouse-for-rent-kilimani-3980942,"4 Bed Townhouse in Kilimani for KSh 210,000 / month | BuyRentKenya",Kilimani,Kilimani,4.0,3.0,125.0,210000,2026-04-27 17:05:56+00:00,houses-for-rent/nairobi,rent,3980942,townhouse,False
https://www.buyrentkenya.com/listings/5-bedroom-house-for-rent-lavington-3980935,"5 Bed House in Lavington for KSh 350,000 / month | BuyRentKenya",Lavington,Lavington,5.0,4.0,,350000,2026-04-27 16:59:30+00:00,houses-for-rent/nairobi,rent,3980935,house,False
https://www.buyrentkenya.com/listings/4-bedroom-townhouse-for-rent-lavington-3980932,"4 Bed Townhouse in Lavington for KSh 200,000 / month | BuyRentKenya",Lavington,Lavington,4.0,4.0,125.0,200000,2026-04-27 16:32:35+00:00,houses-for-rent/nairobi,rent,3980932,townhouse,False
https://www.buyrentkenya.com/listings/5-bedroom-townhouse-for-rent-lavington-3980931,"5 Bed Townhouse in Lavington for KSh 420,000 / month | BuyRentKenya",Lavington,Lavington,5.0,5.0,125.0,420000,2026-04-27 16:26:03+00:00,houses-for-rent/nairobi,rent,3980931,townhouse,False
https://www.buyrentkenya.com/listings/4-bedroom-villa-for-rent-kitisuru-3980930,"4 Bed Villa in Kitisuru for KSh 300,000 / month | BuyRentKenya",Kitisuru,Westlands,4.0,6.0,250.0,300000,2026-04-27 16:24:04+00:00,houses-for-rent/nairobi,rent,3980930,villa,False
https://www.buyrentkenya.com/listings/4-bedroom-townhouse-for-rent-lavington-3980928,"4 Bed Townhouse in Lavington for KSh 250,000 / month | BuyRentKenya",Lavington,Lavington,4.0,4.0,125.0,250000,2026-04-27 16:13:42+00:00,houses-for-rent/nairobi,rent,3980928,townhouse,False
https://www.buyrentkenya.com/listings/furnished-5-bedroom-villa-for-rent-lavington-3980925,"Furnished 5 Bed Villa in Lavington for KSh 750,000 / month | BuyRentKenya",Lavington,Lavington,5.0,6.0,,750000,2026-04-27 16:13:06+00:00,houses-for-rent/nairobi,rent,3980925,villa,True
https://www.buyrentkenya.com/listings/4-bedroom-house-for-rent-runda-3980927,"Serviced 4 Bed House in Runda for KSh 450,000 / month | BuyRentKenya",Runda,Westlands,4.0,4.0,,450000,2026-04-27 16:09:03+00:00,houses-for-rent/nairobi,rent,3980927,house,True
https://www.buyrentkenya.com/listings/4-bedroom-villa-for-rent-riverside-3980912,"4 Bed Villa in Riverside for KSh 350,000 / month | BuyRentKenya",Riverside,Westlands,4.0,5.0,300.0,350000,2026-04-27 15:32:58+00:00,houses-for-rent/nairobi,rent,3980912,villa,False
https://www.buyrentkenya.com/listings/4-bedroom-townhouse-for-rent-karen-3980897,"4 Bed Townhouse at Miotoni for KSh 400,000 / month | BuyRentKenya",Karen,Karen,4.0,4.0,,400000,2026-04-27 15:10:25+00:00,houses-for-rent/nairobi,rent,3980897,townhouse,False
https://www.buyrentkenya.com/listings/4-bedroom-villa-for-rent-kitisuru-3980894,"4 Bed Villa in Kitisuru for KSh 300,000 / month | BuyRentKenya",Kitisuru,Westlands,4.0,5.0,250.0,300000,2026-04-27 15:07:06+00:00,houses-for-rent/nairobi,rent,3980894,villa,False
https://www.buyrentkenya.com/listings/4-bedroom-townhouse-for-rent-lavington-3980865,"4 Bed Townhouse at Riverside Drive. for KSh 320,000 / month | BuyRentKenya",Lavington,Lavington,4.0,4.0,,320000,2026-04-27 14:33:50+00:00,houses-for-rent/nairobi,rent,3980865,townhouse,False
https://www.buyrentkenya.com/listings/furnished-4-bedroom-townhouse-for-rent-kiambu-road-3970580,"Serviced 4 Bed Townhouse in Kiambu Road for KSh 455,000 / month | BuyRentKenya",Kiambu Road,Kiambu Road,4.0,3.0,250.0,455000,2026-04-12 12:12:14+00:00,houses-for-rent/nairobi,rent,3970580,townhouse,True
https://www.buyrentkenya.com/listings/6-bedroom-house-for-rent-gigiri-3951254,"6 Bed House in Gigiri for KSh 750,000 / month | BuyRentKenya",Gigiri,Westlands,6.0,7.0,,750000,2026-03-18 08:24:20+00:00,houses-for-rent/nairobi,rent,3951254,house,False
https://www.buyrentkenya.com/listings/4-bedroom-villa-for-rent-runda-3963930,"4 Bed Villa in Runda for KSh 650,000 / month | BuyRentKenya",Runda,Westlands,4.0,5.0,,650000,2026-04-09 09:28:58+00:00,houses-for-rent/nairobi,rent,3963930,villa,False
https://www.buyrentkenya.com/listings/4-bedroom-townhouse-for-rent-kiambu-road-3980852,"4 Bed Townhouse in Kiambu Road for KSh 250,000 / month | BuyRentKenya",Kiambu Road,Kiambu Road,4.0,3.0,,250000,2026-04-27 14:32:32+00:00,houses-for-rent/nairobi,rent,3980852,townhouse,False
https://www.buyrentkenya.com/listings/5-bedroom-townhouse-for-rent-lavington-3980848,"5 Bed Townhouse at Manyani East. for KSh 500,000 / month | BuyRentKenya",Lavington,Lavington,5.0,5.0,,500000,2026-04-27 14:22:07+00:00,houses-for-rent/nairobi,rent,3980848,townhouse,False
https://www.buyrentkenya.com/listings/4-bedroom-townhouse-for-rent-lavington-3980839,"4 Bed Townhouse at Near Lavington Mall. for KSh 260,000 / month | BuyRentKenya",Lavington,Lavington,4.0,3.0,,260000,2026-04-27 14:12:27+00:00,houses-for-rent/nairobi,rent,3980839,townhouse,False
https://www.buyrentkenya.com/listings/5-bedroom-townhouse-for-rent-lavington-3980821,"5 Bed Townhouse at Njumbi Estate. for KSh 450,000 / month | BuyRentKenya",Lavington,Lavington,5.0,5.0,693.0,450000,2026-04-27 14:05:11+00:00,houses-for-rent/nairobi,rent,3980821,townhouse,False
https://www.buyrentkenya.com/listings/5-bedroom-house-for-rent-kitisuru-3980805,"5 Bed House at New Kitusuru Estate for KSh 450,000 / month | BuyRentKenya",Kitisuru,Westlands,5.0,5.0,,450000,2026-04-27 13:55:27+00:00,houses-for-rent/nairobi,rent,3980805,house,False
https://www.buyrentkenya.com/listings/4-bedroom-house-for-rent-lower-kabete-3980788,"4 Bed House at Lakeview Estate. for KSh 380,000 / month | BuyRentKenya",Lower Kabete,Westlands,4.0,3.0,,380000,2026-04-27 13:49:10+00:00,houses-for-rent/nairobi,rent,3980788,house,False
https://www.buyrentkenya.com/listings/4-bedroom-townhouse-for-rent-kyuna-3980640,"4 Bed Townhouse at Kyuna for KSh 350,000 / month | BuyRentKenya",Kyuna,Westlands,4.0,4.0,,350000,2026-04-27 13:41:17+00:00,houses-for-rent/nairobi,rent,3980640,townhouse,False
https://www.buyrentkenya.com/listings/5-bedroom-townhouse-for-rent-lavington-3980727,"5 Bed Townhouse in Lavington for KSh 400,000 / month | BuyRentKenya",Lavington,Lavington,5.0,6.0,,400000,2026-04-27 13:19:32+00:00,houses-for-rent/nairobi,rent,3980727,townhouse,False
https://www.buyrentkenya.com/listings/5-bedroom-house-for-rent-kitisuru-3980713,"5 Bed House at Kitisuru Rd for KSh 550,000 / month | BuyRentKenya",Kitisuru,Westlands,5.0,4.0,,550000,2026-04-27 13:13:05+00:00,houses-for-rent/nairobi,rent,3980713,house,False
https://www.buyrentkenya.com/listings/5-bedroom-house-for-rent-nyari-3980725,"5 Bed House in Nyari for KSh 450,000 / month | BuyRentKenya",Nyari,Westlands,5.0,5.0,,450000,2026-04-27 13:11:23+00:00,houses-for-rent/nairobi,rent,3980725,house,False
https://www.buyrentkenya.com/listings/furnished-4-bedroom-townhouse-for-rent-runda-3-3537297,"Serviced 4 Bed Townhouse in Runda for KSh 400,000 / month | BuyRentKenya",Runda,Westlands,4.0,4.0,220.0,400000,2026-04-27 12:55:42+00:00,houses-for-rent/nairobi,rent,3537297,townhouse,True
https://www.buyrentkenya.com/listings/2-bedroom-townhouse-for-rent-spring-valley-3980668,"Serviced 2 Bed Townhouse at Peponi Rd for KSh 190,000 / month | BuyRentKenya",Spring Valley,Westlands,2.0,2.0,,190000,2026-04-27 12:43:29+00:00,houses-for-rent/nairobi,rent,3980668,townhouse,True
https://www.buyrentkenya.com/listings/5-bedroom-house-for-rent-runda-3980656,"5 Bed House in Runda for KSh 450,000 / month | BuyRentKenya",Runda,Westlands,5.0,5.0,,450000,2026-04-27 12:43:01+00:00,houses-for-rent/nairobi,rent,3980656,house,False
https://www.buyrentkenya.com/listings/furnished-1-bedroom-house-for-rent-karen-3980681,"Serviced 1 Bed House at Karen for KSh 150,000 / month | BuyRentKenya",Karen,Karen,1.0,1.0,,150000,2026-04-27 12:41:11+00:00,houses-for-rent/nairobi,rent,3980681,house,True
https://www.buyrentkenya.com/listings/4-bedroom-villa-for-rent-muthaiga-3980663,"4 Bed Villa in Muthaiga for KSh 500,000 / month | BuyRentKenya",Muthaiga,Muthaiga,4.0,,400.0,500000,2026-04-27 12:34:51+00:00,houses-for-rent/nairobi,rent,3980663,villa,False
https://www.buyrentkenya.com/listings/5-bedroom-house-for-rent-runda-3980654,"5 Bed House in Runda for KSh 543,000 / month | BuyRentKenya",Runda,Westlands,5.0,5.0,,543000,2026-04-27 12:19:17+00:00,houses-for-rent/nairobi,rent,3980654,house,False
https://www.buyrentkenya.com/listings/6-bedroom-house-for-rent-karen-hardy-3980553,"6 Bed House at Hardy Area for KSh 300,000 / month | BuyRentKenya",Karen Hardy,Karen Hardy,6.0,4.0,,300000,2026-04-27 12:16:04+00:00,houses-for-rent/nairobi,rent,3980553,house,False
https://www.buyrentkenya.com/listings/5-bedroom-house-for-rent-lower-kabete-3980647,"5 Bed House in Lower Kabete for KSh 700,000 / month | BuyRentKenya",Lower Kabete,Westlands,5.0,5.0,,700000,2026-04-27 12:10:09+00:00,houses-for-rent/nairobi,rent,3980647,house,False
https://www.buyrentkenya.com/listings/4-bedroom-house-for-rent-runda-3980634,"4 Bed House in Runda for KSh 300,000 / month | BuyRentKenya",Runda,Westlands,4.0,4.0,,300000,2026-04-27 12:06:43+00:00,houses-for-rent/nairobi,rent,3980634,house,False
https://www.buyrentkenya.com/listings/5-bedroom-house-for-rent-kitisuru-3980593,"5 Bed House in Kitisuru for KSh 550,000 / month | BuyRentKenya",Kitisuru,Westlands,5.0,5.0,315.0,550000,2026-04-27 11:40:50+00:00,houses-for-rent/nairobi,rent,3980593,house,False
https://www.buyrentkenya.com/listings/4-bedroom-house-for-rent-spring-valley-3980567,"4 Bed House in Spring Valley for KSh 452,000 / month | BuyRentKenya",Spring Valley,Westlands,4.0,4.0,,452000,2026-04-27 11:19:31+00:00,houses-for-rent/nairobi,rent,3980567,house,False
https://www.buyrentkenya.com/listings/4-bedroom-townhouse-for-rent-muthaiga-3847338,"4 Bed Townhouse in Muthaiga for KSh 400,000 / month | BuyRentKenya",Muthaiga,Muthaiga,4.0,4.0,380.0,400000,2026-04-25 12:41:02+00:00,houses-for-rent/nairobi,rent,3847338,townhouse,False
https://www.buyrentkenya.com/listings/5-bedroom-townhouse-for-rent-lavington-3570288,"5 Bed Townhouse in Lavington for KSh 400,000 / month | BuyRentKenya",Lavington,Lavington,5.0,6.0,,400000,2026-04-22 11:40:47+00:00,houses-for-rent/nairobi,rent,3570288,townhouse,False
https://www.buyrentkenya.com/listings/5-bedroom-house-for-rent-runda-3980557,"5 Bed House in Runda for KSh 580,000 / month | BuyRentKenya",Runda,Westlands,5.0,5.0,400.0,580000,2026-04-27 10:58:32+00:00,houses-for-rent/nairobi,rent,3980557,house,False
https://www.buyrentkenya.com/listings/5-bedroom-villa-for-rent-kileleshwa-3980555,"5 Bed Villa at Kileleshwa for KSh 380,000 / month | BuyRentKenya",Kileleshwa,Kileleshwa,5.0,4.0,,380000,2026-04-27 10:57:59+00:00,houses-for-rent/nairobi,rent,3980555,villa,False
https://www.buyrentkenya.com/listings/4-bedroom-townhouse-for-rent-kileleshwa-3980541,"4 Bed Townhouse at Off Gatundu Rd for KSh 160,000 / month | BuyRentKenya",Kileleshwa,Kileleshwa,4.0,3.0,,160000,2026-04-27 10:36:56+00:00,houses-for-rent/nairobi,rent,3980541,townhouse,False
https://www.buyrentkenya.com/listings/5-bedroom-townhouse-for-rent-westlands-area-3980540,"5 Bed Townhouse in Westlands Area for KSh 350,000 / month | BuyRentKenya",Westlands Area,Westlands,5.0,4.0,,350000,2026-04-27 10:28:45+00:00,houses-for-rent/nairobi,rent,3980540,townhouse,False
https://www.buyrentkenya.com/listings/furnished-1-bedroom-house-for-rent-kitisuru-3980495,"Serviced 1 Bed House at Off Peponi Rd for KSh 170,000 / month | BuyRentKenya",Kitisuru,Westlands,1.0,1.0,,170000,2026-04-27 09:51:29+00:00,houses-for-rent/nairobi,rent,3980495,house,True
https://www.buyrentkenya.com/listings/4-bedroom-house-for-rent-spring-valley-3980500,"4 Bed House in Spring Valley for KSh 350,000 / month | BuyRentKenya",Spring Valley,Westlands,4.0,4.0,,350000,2026-04-27 09:47:03+00:00,houses-for-rent/nairobi,rent,3980500,house,False
https://www.buyrentkenya.com/listings/4-bedroom-townhouse-for-rent-kitisuru-3980449,"4 Bed Townhouse at Off Ngecha Road for KSh 350,000 / month | BuyRentKenya",Kitisuru,Westlands,4.0,4.0,,350000,2026-04-27 09:06:23+00:00,houses-for-rent/nairobi,rent,3980449,townhouse,False
https://www.buyrentkenya.com/listings/furnished-2-bedroom-house-for-rent-runda-3980447,"Furnished 2 Bed House in Runda for KSh 180,000 / month | BuyRentKenya",Runda,Westlands,2.0,2.0,,180000,2026-04-27 09:02:28+00:00,houses-for-rent/nairobi,rent,3980447,house,True
https://www.buyrentkenya.com/listings/5-bedroom-townhouse-for-rent-lavington-3980444,"5 Bed Townhouse at Lavington Green for KSh 420,000 / month | BuyRentKenya",Lavington,Lavington,5.0,5.0,,420000,2026-04-27 09:00:05+00:00,houses-for-rent/nairobi,rent,3980444,townhouse,False
https://www.buyrentkenya.com/listings/5-bedroom-villa-for-rent-thigiri-3980421,"5 Bed Villa in Thigiri for KSh 650,000 / month | BuyRentKenya",Thigiri,Westlands,5.0,5.0,,650000,2026-04-27 08:54:49+00:00,houses-for-rent/nairobi,rent,3980421,villa,False
https://www.buyrentkenya.com/listings/5-bedroom-house-for-rent-kitisuru-3980440,"Serviced 5 Bed House in Kitisuru for KSh 500,000 / month | BuyRentKenya",Kitisuru,Westlands,5.0,5.0,,500000,2026-04-27 08:44:40+00:00,houses-for-rent/nairobi,rent,3980440,house,True
https://www.buyrentkenya.com/listings/5-bedroom-house-for-rent-runda-3980437,"5 Bed House in Runda for KSh 400,000 / month | BuyRentKenya",Runda,Westlands,5.0,5.0,,400000,2026-04-27 08:40:30+00:00,houses-for-rent/nairobi,rent,3980437,house,False
https://www.buyrentkenya.com/listings/4-bedroom-townhouse-for-rent-lavington-3980425,"4 Bed Townhouse at Lavington Green for KSh 250,000 / month | BuyRentKenya",Lavington,Lavington,4.0,4.0,,250000,2026-04-27 08:32:53+00:00,houses-for-rent/nairobi,rent,3980425,townhouse,False
https://www.buyrentkenya.com/listings/4-bedroom-house-for-rent-runda-3980370,"4 Bed House at Kwaheri for KSh 350,000 / month | BuyRentKenya",Runda,Westlands,4.0,4.0,,350000,2026-04-27 08:03:17+00:00,houses-for-rent/nairobi,rent,3980370,house,False
https://www.buyrentkenya.com/listings/4-bedroom-townhouse-for-rent-runda-3980359,"4 Bed Townhouse at Kencom Homes for KSh 260,000 / month | BuyRentKenya",Runda,Westlands,4.0,4.0,,260000,2026-04-27 07:55:31+00:00,houses-for-rent/nairobi,rent,3980359,townhouse,False
https://www.buyrentkenya.com/listings/4-bedroom-house-for-rent-karen-3980353,"4 Bed House in Karen for KSh 350,000 / month | BuyRentKenya",Karen,Karen,4.0,4.0,,350000,2026-04-27 07:55:21+00:00,houses-for-rent/nairobi,rent,3980353,house,False
https://www.buyrentkenya.com/listings/3-bedroom-townhouse-for-rent-runda-3980343,"3 Bed Townhouse at Runda Palm for KSh 105,000 / month | BuyRentKenya",Runda,Westlands,3.0,2.0,,105000,2026-04-27 07:50:42+00:00,houses-for-rent/nairobi,rent,3980343,townhouse,False
https://www.buyrentkenya.com/listings/5-bedroom-townhouse-for-rent-kyuna-3980336,"5 Bed Townhouse in Kyuna for KSh 300,000 / month | BuyRentKenya",Kyuna,Westlands,5.0,5.0,,300000,2026-04-27 07:43:29+00:00,houses-for-rent/nairobi,rent,3980336,townhouse,False
https://www.buyrentkenya.com/listings/5-bedroom-house-for-rent-runda-3980327,"5 Bed House at Runda for KSh 450,000 / month | BuyRentKenya",Runda,Westlands,5.0,5.0,,450000,2026-04-27 07:38:59+00:00,houses-for-rent/nairobi,rent,3980327,house,False
https://www.buyrentkenya.com/listings/furnished-1-bedroom-house-for-rent-nyari-3980313,"Furnished 1 Bed House at Nyari for KSh 130,000 / month | BuyRentKenya",Nyari,Westlands,1.0,1.0,,130000,2026-04-27 07:31:25+00:00,houses-for-rent/nairobi,rent,3980313,house,True
https://www.buyrentkenya.com/listings/4-bedroom-house-for-rent-runda-3980290,"4 Bed House in Runda for KSh 390,000 / month | BuyRentKenya",Runda,Westlands,4.0,4.0,,390000,2026-04-27 07:30:20+00:00,houses-for-rent/nairobi,rent,3980290,house,False
https://www.buyrentkenya.com/listings/furnished-3-bedroom-house-for-rent-nyari-3980289,"Furnished 3 Bed House at Nyari for KSh 400,000 / month | BuyRentKenya",Nyari,Westlands,3.0,2.0,,400000,2026-04-27 07:26:42+00:00,houses-for-rent/nairobi,rent,3980289,house,True
https://www.buyrentkenya.com/listings/4-bedroom-townhouse-for-rent-lavington-3773434,"4 Bed Townhouse in Lavington for KSh 350,000 / month | BuyRentKenya",Lavington,Lavington,4.0,,763.0,350000,2026-04-22 11:08:32+00:00,houses-for-rent/nairobi,rent,3773434,townhouse,False
https://www.buyrentkenya.com/listings/4-bedroom-house-for-rent-kiambu-road-3980278,"4 Bed House in Kiambu Road for KSh 270,000 / month | BuyRentKenya",Kiambu Road,Kiambu Road,4.0,4.0,,270000,2026-04-27 07:20:57+00:00,houses-for-rent/nairobi,rent,3980278,house,False
https://www.buyrentkenya.com/listings/furnished-4-bedroom-townhouse-for-rent-runda-3980283,"Furnished 4 Bed Townhouse at Ineza for KSh 365,000 / month | BuyRentKenya",Runda,Westlands,4.0,3.0,380.0,365000,2026-04-27 07:19:13+00:00,houses-for-rent/nairobi,rent,3980283,townhouse,True
https://www.buyrentkenya.com/listings/5-bedroom-villa-for-rent-runda-3980241,"5 Bed Villa in Runda for KSh 611,000 / month | BuyRentKenya",Runda,Westlands,5.0,5.0,,611000,2026-04-27 07:03:19+00:00,houses-for-rent/nairobi,rent,3980241,villa,False
https://www.buyrentkenya.com/listings/5-bedroom-house-for-rent-gigiri-3980192,"5 Bed House in Gigiri for KSh 600,000 / month | BuyRentKenya",Gigiri,Westlands,5.0,5.0,,600000,2026-04-27 06:33:44+00:00,houses-for-rent/nairobi,rent,3980192,house,False
https://www.buyrentkenya.com/listings/furnished-5-bedroom-villa-for-rent-lavington-3980076,"Serviced 5 Bed Villa in Lavington for KSh 470,000 / month | BuyRentKenya",Lavington,Lavington,5.0,6.0,,470000,2026-04-27 05:28:05+00:00,houses-for-rent/nairobi,rent,3980076,villa,True
https://www.buyrentkenya.com/listings/4-bedroom-townhouse-for-rent-lavington-3980057,"4 Bed Townhouse at Lavington Ndoto Road for KSh 280,000 / month | BuyRentKenya",Lavington,Lavington,4.0,5.0,,280000,2026-04-27 04:25:53+00:00,houses-for-rent/nairobi,rent,3980057,townhouse,False
https://www.buyrentkenya.com/listings/4-bedroom-townhouse-for-rent-riverside-3980056,"4 Bed Townhouse in Riverside for KSh 350,000 / month | BuyRentKenya",Riverside,Westlands,4.0,5.0,,350000,2026-04-27 04:13:00+00:00,houses-for-rent/nairobi,rent,3980056,townhouse,False
https://www.buyrentkenya.com/listings/4-bedroom-townhouse-for-rent-kilimani-3980055,"4 Bed Townhouse in Kilimani for KSh 220,000 / month | BuyRentKenya",Kilimani,Kilimani,4.0,5.0,,220000,2026-04-27 04:05:56+00:00,houses-for-rent/nairobi,rent,3980055,townhouse,False
https://www.buyrentkenya.com/listings/5-bedroom-townhouse-for-rent-kilimani-3980054,"5 Bed Townhouse in Kilimani for KSh 180,000 / month | BuyRentKenya",Kilimani,Kilimani,5.0,5.0,350.0,180000,2026-04-27 04:02:48+00:00,houses-for-rent/nairobi,rent,3980054,townhouse,False
https://www.buyrentkenya.com/listings/furnished-8-bedroom-house-for-rent-runda-3977935,"Serviced 8 Bed House at Runda Gardens for KSh 50,000 / month | BuyRentKenya",Runda,Westlands,8.0,10.0,,50000,2026-04-23 05:11:23+00:00,houses-for-rent/nairobi,rent,3977935,house,True
https://www.buyrentkenya.com/listings/4-bedroom-townhouse-for-rent-kilimani-3980053,"4 Bed Townhouse in Kilimani for KSh 200,000 / month | BuyRentKenya",Kilimani,Kilimani,4.0,4.0,,200000,2026-04-27 03:55:04+00:00,houses-for-rent/nairobi,rent,3980053,townhouse,False
https://www.buyrentkenya.com/listings/4-bedroom-townhouse-for-rent-kilimani-3980052,"4 Bed Townhouse in Kilimani for KSh 150,000 / month | BuyRentKenya",Kilimani,Kilimani,4.0,4.0,350.0,150000,2026-04-27 03:51:53+00:00,houses-for-rent/nairobi,rent,3980052,townhouse,False
https://www.buyrentkenya.com/listings/3-bedroom-townhouse-for-rent-kileleshwa-3980051,"3 Bed Townhouse in Kileleshwa for KSh 150,000 / month | BuyRentKenya",Kileleshwa,Kileleshwa,3.0,4.0,,150000,2026-04-27 03:48:10+00:00,houses-for-rent/nairobi,rent,3980051,townhouse,False
https://www.buyrentkenya.com/listings/4-bedroom-townhouse-for-rent-kileleshwa-3980049,"4 Bed Townhouse in Kileleshwa for KSh 160,000 / month | BuyRentKenya",Kileleshwa,Kileleshwa,4.0,4.0,,160000,2026-04-27 03:40:17+00:00,houses-for-rent/nairobi,rent,3980049,townhouse,False
https://www.buyrentkenya.com/listings/4-bedroom-townhouse-for-rent-kileleshwa-3980048,"4 Bed Townhouse in Kileleshwa for KSh 210,000 / month | BuyRentKenya",Kileleshwa,Kileleshwa,4.0,4.0,430.0,210000,2026-04-27 03:36:19+00:00,houses-for-rent/nairobi,rent,3980048,townhouse,False
https://www.buyrentkenya.com/listings/5-bedroom-townhouse-for-rent-lavington-3980047,"5 Bed Townhouse in Lavington for KSh 430,000 / month | BuyRentKenya",Lavington,Lavington,5.0,5.0,,430000,2026-04-27 03:29:29+00:00,houses-for-rent/nairobi,rent,3980047,townhouse,False
https://www.buyrentkenya.com/listings/4-bedroom-townhouse-for-rent-lavington-3980046,"4 Bed Townhouse in Lavington for KSh 250,000 / month | BuyRentKenya",Lavington,Lavington,4.0,5.0,,250000,2026-04-27 03:19:53+00:00,houses-for-rent/nairobi,rent,3980046,townhouse,False
https://www.buyrentkenya.com/listings/5-bedroom-townhouse-for-rent-lavington-3980045,"5 Bed Townhouse in Lavington for KSh 360,000 / month | BuyRentKenya",Lavington,Lavington,5.0,5.0,,360000,2026-04-27 03:17:27+00:00,houses-for-rent/nairobi,rent,3980045,townhouse,False
https://www.buyrentkenya.com/listings/5-bedroom-townhouse-for-rent-lavington-3980044,"5 Bed Townhouse in Lavington for KSh 280,000 / month | BuyRentKenya",Lavington,Lavington,5.0,5.0,,280000,2026-04-27 02:55:35+00:00,houses-for-rent/nairobi,rent,3980044,townhouse,False
https://www.buyrentkenya.com/listings/5-bedroom-townhouse-for-rent-lavington-3980043,"5 Bed Townhouse in Lavington for KSh 270,000 / month | BuyRentKenya",Lavington,Lavington,5.0,5.0,,270000,2026-04-27 02:47:11+00:00,houses-for-rent/nairobi,rent,3980043,townhouse,False
https://www.buyrentkenya.com/listings/4-bedroom-townhouse-for-rent-lavington-3980042,"4 Bed Townhouse in Lavington for KSh 350,000 / month | BuyRentKenya",Lavington,Lavington,4.0,5.0,,350000,2026-04-27 02:43:47+00:00,houses-for-rent/nairobi,rent,3980042,townhouse,False
https://www.buyrentkenya.com/listings/5-bedroom-townhouse-for-rent-lavington-3980041,"5 Bed Townhouse in Lavington for KSh 450,000 / month | BuyRentKenya",Lavington,Lavington,5.0,6.0,,450000,2026-04-27 02:39:20+00:00,houses-for-rent/nairobi,rent,3980041,townhouse,False
https://www.buyrentkenya.com/listings/4-bedroom-house-for-rent-karen-hardy-3980040,"4 Bed House at Hardy Area for KSh 300,000 / month | BuyRentKenya",Karen Hardy,Karen Hardy,4.0,3.0,,300000,2026-04-26 20:58:16+00:00,houses-for-rent/nairobi,rent,3980040,house,False
https://www.buyrentkenya.com/listings/3-bedroom-house-for-rent-karen-3980039,"3 Bed House at Near Hilcrest for KSh 73,000 / month | BuyRentKenya",Karen,Karen,3.0,2.0,,73000,2026-04-26 20:21:43+00:00,houses-for-rent/nairobi,rent,3980039,house,False
https://www.buyrentkenya.com/listings/4-bedroom-house-for-rent-karen-3978372,"4 Bed House at Windy Ridge for KSh 400,000 / month | BuyRentKenya",Karen,Karen,4.0,4.0,,400000,2026-04-23 07:39:06+00:00,houses-for-rent/nairobi,rent,3978372,house,False
https://www.buyrentkenya.com/listings/5-bedroom-house-for-rent-karen-3977756,"Serviced 5 Bed House at Magadi Road for KSh 300,000 / month | BuyRentKenya",Karen,Karen,5.0,5.0,,300000,2026-04-22 16:18:28+00:00,houses-for-rent/nairobi,rent,3977756,house,True
https://www.buyrentkenya.com/listings/6-bedroom-house-for-rent-karen-3977826,"6 Bed House at Karen Hub for KSh 350,000 / month | BuyRentKenya",Karen,Karen,6.0,6.0,,350000,2026-04-22 18:12:14+00:00,houses-for-rent/nairobi,rent,3977826,house,False
https://www.buyrentkenya.com/listings/2-bedroom-house-for-rent-karen-3980037,"2 Bed House at Near The Hub for KSh 150,000 / month | BuyRentKenya",Karen,Karen,2.0,2.0,,150000,2026-04-26 19:14:09+00:00,houses-for-rent/nairobi,rent,3980037,house,False
https://www.buyrentkenya.com/listings/furnished-1-bedroom-house-for-rent-runda-3980036,"Serviced 1 Bed House in Runda for KSh 230,000 / month | BuyRentKenya",Runda,Westlands,1.0,1.0,750.0,230000,2026-04-26 17:43:56+00:00,houses-for-rent/nairobi,rent,3980036,house,True
https://www.buyrentkenya.com/listings/4-bedroom-house-for-rent-karen-3980035,"4 Bed House in Karen for KSh 400,000 / month | BuyRentKenya",Karen,Karen,4.0,4.0,,400000,2026-04-26 17:32:41+00:00,houses-for-rent/nairobi,rent,3980035,house,False
https://www.buyrentkenya.com/listings/4-bedroom-house-for-rent-hill-view-3980027,"4 Bed House in Hill View for KSh 400,000 / month | BuyRentKenya",Hill View,Westlands,4.0,4.0,,400000,2026-04-26 16:19:18+00:00,houses-for-rent/nairobi,rent,3980027,house,False
https://www.buyrentkenya.com/listings/4-bedroom-townhouse-for-rent-lavington-3980025,"4 Bed Townhouse in Lavington for KSh 250,000 / month | BuyRentKenya",Lavington,Lavington,4.0,4.0,,250000,2026-04-26 16:00:19+00:00,houses-for-rent/nairobi,rent,3980025,townhouse,False
https://www.buyrentkenya.com/listings/4-bedroom-townhouse-for-rent-lavington-3980024,"4 Bed Townhouse in Lavington for KSh 360,000 / month | BuyRentKenya",Lavington,Lavington,4.0,4.0,125.0,360000,2026-04-26 15:49:56+00:00,houses-for-rent/nairobi,rent,3980024,townhouse,False
https://www.buyrentkenya.com/listings/4-bedroom-townhouse-for-rent-lavington-3980023,"4 Bed Townhouse in Lavington for KSh 300,000 / month | BuyRentKenya",Lavington,Lavington,4.0,4.0,,300000,2026-04-26 15:29:31+00:00,houses-for-rent/nairobi,rent,3980023,townhouse,False
https://www.buyrentkenya.com/listings/2-bedroom-house-for-rent-gigiri-3980010,"2 Bed House in Gigiri for KSh 260,000 / month | BuyRentKenya",Gigiri,Westlands,2.0,2.0,600.0,260000,2026-04-26 11:41:37+00:00,houses-for-rent/nairobi,rent,3980010,house,False
https://www.buyrentkenya.com/listings/5-bedroom-house-for-rent-gigiri-3980004,"5 Bed House in Gigiri for KSh 580,000 / month | BuyRentKenya",Gigiri,Westlands,5.0,5.0,,580000,2026-04-26 11:24:41+00:00,houses-for-rent/nairobi,rent,3980004,house,False
https://www.buyrentkenya.com/listings/5-bedroom-townhouse-for-rent-lavington-3977880,"5 Bed Townhouse at Chalbi Drive for KSh 270,000 / month | BuyRentKenya",Lavington,Lavington,5.0,5.0,,270000,2026-04-22 20:57:25+00:00,houses-for-rent/nairobi,rent,3977880,townhouse,False
https://www.buyrentkenya.com/listings/4-bedroom-townhouse-for-rent-lavington-3977881,"4 Bed Townhouse at Riverside Drive for KSh 350,000 / month | BuyRentKenya",Lavington,Lavington,4.0,4.0,,350000,2026-04-22 21:03:05+00:00,houses-for-rent/nairobi,rent,3977881,townhouse,False
https://www.buyrentkenya.com/listings/5-bedroom-townhouse-for-rent-lavington-3979450,"5 Bed Townhouse at Lavington Green for KSh 420,000 / month | BuyRentKenya",Lavington,Lavington,5.0,5.0,,420000,2026-04-24 10:48:43+00:00,houses-for-rent/nairobi,rent,3979450,townhouse,False
https://www.buyrentkenya.com/listings/6-bedroom-townhouse-for-rent-lavington-3977888,"6 Bed Townhouse at Convent Drive for KSh 400,000 / month | BuyRentKenya",Lavington,Lavington,6.0,6.0,,400000,2026-04-22 21:33:45+00:00,houses-for-rent/nairobi,rent,3977888,townhouse,False
https://www.buyrentkenya.com/listings/4-bedroom-townhouse-for-rent-riverside-3979834,"4 Bed Townhouse at Riverside Dr for KSh 350,000 / month | BuyRentKenya",Riverside,Westlands,4.0,4.0,,350000,2026-04-26 09:28:10+00:00,houses-for-rent/nairobi,rent,3979834,townhouse,False
https://www.buyrentkenya.com/listings/4-bedroom-townhouse-for-rent-lavington-3979948,"4 Bed Townhouse at Lavington Road for KSh 260,000 / month | BuyRentKenya",Lavington,Lavington,4.0,5.0,,260000,2026-04-26 08:06:01+00:00,houses-for-rent/nairobi,rent,3979948,townhouse,False
https://www.buyrentkenya.com/listings/5-bedroom-townhouse-for-rent-lavington-3979947,"5 Bed Townhouse at Lavington Mall for KSh 450,000 / month | BuyRentKenya",Lavington,Lavington,5.0,6.0,693.0,450000,2026-04-26 07:55:12+00:00,houses-for-rent/nairobi,rent,3979947,townhouse,False
https://www.buyrentkenya.com/listings/4-bedroom-townhouse-for-rent-lavington-3979946,"4 Bed Townhouse at Lavington Green for KSh 330,000 / month | BuyRentKenya",Lavington,Lavington,4.0,5.0,,330000,2026-04-26 07:42:49+00:00,houses-for-rent/nairobi,rent,3979946,townhouse,False
https://www.buyrentkenya.com/listings/4-bedroom-townhouse-for-rent-riverside-3979945,"4 Bed Townhouse at Riverside Drive for KSh 340,000 / month | BuyRentKenya",Riverside,Westlands,4.0,5.0,,340000,2026-04-26 07:35:23+00:00,houses-for-rent/nairobi,rent,3979945,townhouse,False
https://www.buyrentkenya.com/listings/5-bedroom-house-for-rent-mountain-view-3979887,"5 Bed House at Off Waiyaki Way for KSh 130,000 / month | BuyRentKenya",Mountain View,Westlands,5.0,3.0,,130000,2026-04-25 13:13:45+00:00,houses-for-rent/nairobi,rent,3979887,house,False
https://www.buyrentkenya.com/listings/3-bedroom-townhouse-for-rent-runda-3979889,"3 Bed Townhouse in Runda for KSh 350,000 / month | BuyRentKenya",Runda,Westlands,3.0,,220.0,350000,2026-04-25 13:10:02+00:00,houses-for-rent/nairobi,rent,3979889,townhouse,False
https://www.buyrentkenya.com/listings/4-bedroom-townhouse-for-rent-runda-3979884,"4 Bed Townhouse in Runda for KSh 300,000 / month | BuyRentKenya",Runda,Westlands,4.0,5.0,,300000,2026-04-25 12:57:59+00:00,houses-for-rent/nairobi,rent,3979884,townhouse,False
https://www.buyrentkenya.com/listings/3-bedroom-house-for-rent-runda-3979880,"3 Bed House at Off Eliud Mathu Street for KSh 300,000 / month | BuyRentKenya",Runda,Westlands,3.0,4.0,,300000,2026-04-25 12:51:59+00:00,houses-for-rent/nairobi,rent,3979880,house,False
https://www.buyrentkenya.com/listings/5-bedroom-house-for-rent-nyari-3979857,"5 Bed House in Nyari for KSh 400,000 / month | BuyRentKenya",Nyari,Westlands,5.0,7.0,,400000,2026-04-25 12:13:03+00:00,houses-for-rent/nairobi,rent,3979857,house,False
https://www.buyrentkenya.com/listings/4-bedroom-house-for-rent-hill-view-3973275,"4 Bed House at Crossroads for KSh 500,000 / month | BuyRentKenya",Hill View,Westlands,4.0,4.0,,500000,2026-04-15 13:53:54+00:00,houses-for-rent/nairobi,rent,3973275,house,False
https://www.buyrentkenya.com/listings/6-bedroom-house-for-rent-kitisuru-3974058,"Serviced 6 Bed House at Kitisuru Road for KSh 585,000 / month | BuyRentKenya",Kitisuru,Westlands,6.0,6.0,,585000,2026-04-16 14:59:57+00:00,houses-for-rent/nairobi,rent,3974058,house,True
https://www.buyrentkenya.com/listings/7-bedroom-townhouse-for-rent-lavington-3979794,"7 Bed Townhouse at Covent Dr for KSh 400,000 / month | BuyRentKenya",Lavington,Lavington,7.0,8.0,,400000,2026-04-25 10:10:49+00:00,houses-for-rent/nairobi,rent,3979794,townhouse,False
https://www.buyrentkenya.com/listings/furnished-4-bedroom-townhouse-for-rent-westlands-area-3979798,"Furnished 4 Bed Townhouse in Westlands Area for KSh 517,320 / month | BuyRentKenya",Westlands Area,Westlands,4.0,4.0,,517320,2026-04-25 09:56:04+00:00,houses-for-rent/nairobi,rent,3979798,townhouse,True
https://www.buyrentkenya.com/listings/4-bedroom-house-for-rent-runda-3979795,"4 Bed House in Runda for KSh 380,000 / month | BuyRentKenya",Runda,Westlands,4.0,4.0,,380000,2026-04-25 09:45:12+00:00,houses-for-rent/nairobi,rent,3979795,house,False
https://www.buyrentkenya.com/listings/4-bedroom-house-for-rent-thigiri-3979761,"4 Bed House in Thigiri for KSh 450,000 / month | BuyRentKenya",Thigiri,Westlands,4.0,4.0,,450000,2026-04-25 09:05:59+00:00,houses-for-rent/nairobi,rent,3979761,house,False
https://www.buyrentkenya.com/listings/4-bedroom-townhouse-for-rent-karen-3979738,"4 Bed Townhouse in Karen for KSh 400,000 / month | BuyRentKenya",Karen,Karen,4.0,4.0,,400000,2026-04-25 08:39:25+00:00,houses-for-rent/nairobi,rent,3979738,townhouse,False
https://www.buyrentkenya.com/listings/2-bedroom-townhouse-for-rent-kiambu-road-3970311,"2 Bed Townhouse at Muthithi Gardens for KSh 110,000 / month | BuyRentKenya",Kiambu Road,Kiambu Road,2.0,3.0,,110000,2026-04-25 08:15:57+00:00,houses-for-rent/nairobi,rent,3970311,townhouse,False
https://www.buyrentkenya.com/listings/6-bedroom-house-for-rent-karen-3961801,"6 Bed House at Hillcrest Dr for KSh 400,000 / month | BuyRentKenya",Karen,Karen,6.0,7.0,,400000,2026-04-24 07:32:50+00:00,houses-for-rent/nairobi,rent,3961801,house,False
https://www.buyrentkenya.com/listings/4-bedroom-villa-for-rent-kitisuru-3972147,"4 Bed Villa in Kitisuru for KSh 401,605 / month | BuyRentKenya",Kitisuru,Westlands,4.0,4.0,,401605,2026-04-25 08:16:16+00:00,houses-for-rent/nairobi,rent,3972147,villa,False
https://www.buyrentkenya.com/listings/furnished-4-bedroom-house-for-rent-kiambu-road-3979669,"Serviced 4 Bed House at Kiambu Road for KSh 350,000 / month | BuyRentKenya",Kiambu Road,Kiambu Road,4.0,3.0,400.0,350000,2026-04-26 07:47:15+00:00,houses-for-rent/nairobi,rent,3979669,house,True
https://www.buyrentkenya.com/listings/3-bedroom-townhouse-for-rent-runda-3979668,"3 Bed Townhouse in Runda for KSh 240,000 / month | BuyRentKenya",Runda,Westlands,3.0,3.0,,240000,2026-04-25 07:35:05+00:00,houses-for-rent/nairobi,rent,3979668,townhouse,False
https://www.buyrentkenya.com/listings/4-bedroom-house-for-rent-nyari-3979653,"4 Bed House in Nyari for KSh 350,000 / month | BuyRentKenya",Nyari,Westlands,4.0,4.0,,350000,2026-04-25 06:43:47+00:00,houses-for-rent/nairobi,rent,3979653,house,False
https://www.buyrentkenya.com/listings/5-bedroom-house-for-rent-runda-3979634,"5 Bed House in Runda for KSh 500,000 / month | BuyRentKenya",Runda,Westlands,5.0,5.0,,500000,2026-04-25 05:39:24+00:00,houses-for-rent/nairobi,rent,3979634,house,False
https://www.buyrentkenya.com/listings/4-bedroom-house-for-rent-lavington-3979620,"4 Bed House at Lavington Green for KSh 350,000 / month | BuyRentKenya",Lavington,Lavington,4.0,5.0,,350000,2026-04-24 20:11:01+00:00,houses-for-rent/nairobi,rent,3979620,house,False
https://www.buyrentkenya.com/listings/5-bedroom-house-for-rent-runda-3950906,"5 Bed House in Runda for KSh 500,000 / month | BuyRentKenya",Runda,Westlands,5.0,,,500000,2026-04-24 13:46:22+00:00,houses-for-rent/nairobi,rent,3950906,house,False
https://www.buyrentkenya.com/listings/5-bedroom-house-for-rent-kiambu-road-3978820,"5 Bed House in Kiambu Road for KSh 180,000 / month | BuyRentKenya",Kiambu Road,Kiambu Road,5.0,6.0,506.0,180000,2026-04-24 16:05:54+00:00,houses-for-rent/nairobi,rent,3978820,house,False
https://www.buyrentkenya.com/listings/5-bedroom-townhouse-for-rent-lavington-3979117,"5 Bed Townhouse in Lavington for KSh 280,000 / month | BuyRentKenya",Lavington,Lavington,5.0,5.0,,280000,2026-04-24 14:17:11+00:00,houses-for-rent/nairobi,rent,3979117,townhouse,False
https://www.buyrentkenya.com/listings/4-bedroom-townhouse-for-rent-lavington-3979129,"4 Bed Townhouse in Lavington for KSh 300,000 / month | BuyRentKenya",Lavington,Lavington,4.0,4.0,,300000,2026-04-24 14:16:46+00:00,houses-for-rent/nairobi,rent,3979129,townhouse,False
https://www.buyrentkenya.com/listings/5-bedroom-townhouse-for-rent-kitisuru-3979158,"5 Bed Townhouse in Kitisuru for KSh 300,000 / month | BuyRentKenya",Kitisuru,Westlands,5.0,5.0,,300000,2026-04-24 14:14:51+00:00,houses-for-rent/nairobi,rent,3979158,townhouse,False
https://www.buyrentkenya.com/listings/5-bedroom-townhouse-for-rent-karen-3979166,"5 Bed Townhouse in Karen for KSh 500,000 / month | BuyRentKenya",Karen,Karen,5.0,5.0,380.0,500000,2026-04-24 14:14:26+00:00,houses-for-rent/nairobi,rent,3979166,townhouse,False
https://www.buyrentkenya.com/listings/furnished-5-bedroom-townhouse-for-rent-runda-3979277,"Furnished 5 Bed Townhouse in Runda for KSh 450,000 / month | BuyRentKenya",Runda,Westlands,5.0,5.0,,450000,2026-04-26 07:19:40+00:00,houses-for-rent/nairobi,rent,3979277,townhouse,True
https://www.buyrentkenya.com/listings/furnished-5-bedroom-townhouse-for-rent-karen-3979329,"Furnished 5 Bed Townhouse in Karen for KSh 700,000 / month | BuyRentKenya",Karen,Karen,5.0,5.0,602.0,700000,2026-04-26 07:18:19+00:00,houses-for-rent/nairobi,rent,3979329,townhouse,True
https://www.buyrentkenya.com/listings/5-bedroom-townhouse-for-rent-runda-3979439,"5 Bed Townhouse in Runda for KSh 580,000 / month | BuyRentKenya",Runda,Westlands,5.0,5.0,,580000,2026-04-26 07:17:55+00:00,houses-for-rent/nairobi,rent,3979439,townhouse,False
https://www.buyrentkenya.com/listings/furnished-3-bedroom-townhouse-for-rent-garden-estate-3979467,"Furnished 3 Bed Townhouse in Garden Estate for KSh 250,000 / month | BuyRentKenya",Garden Estate,Roysambu,3.0,3.0,268.0,250000,2026-04-26 07:14:49+00:00,houses-for-rent/nairobi,rent,3979467,townhouse,True
https://www.buyrentkenya.com/listings/4-bedroom-townhouse-for-rent-westlands-area-3979493,"4 Bed Townhouse in Westlands Area for KSh 650,000 / month | BuyRentKenya",Westlands Area,Westlands,4.0,4.0,,650000,2026-04-26 07:14:05+00:00,houses-for-rent/nairobi,rent,3979493,townhouse,False
https://www.buyrentkenya.com/listings/furnished-4-bedroom-townhouse-for-rent-runda-3979506,"Furnished 4 Bed Townhouse in Runda for KSh 325,000 / month | BuyRentKenya",Runda,Westlands,4.0,4.0,,325000,2026-04-26 07:12:56+00:00,houses-for-rent/nairobi,rent,3979506,townhouse,True
https://www.buyrentkenya.com/listings/5-bedroom-townhouse-for-rent-lavington-3979509,"5 Bed Townhouse in Lavington for KSh 500,000 / month | BuyRentKenya",Lavington,Lavington,5.0,5.0,,500000,2026-04-26 07:12:39+00:00,houses-for-rent/nairobi,rent,3979509,townhouse,False
https://www.buyrentkenya.com/listings/4-bedroom-townhouse-for-rent-runda-3979251,"4 Bed Townhouse in Runda for KSh 280,000 / month | BuyRentKenya",Runda,Westlands,4.0,4.0,,280000,2026-04-26 07:20:50+00:00,houses-for-rent/nairobi,rent,3979251,townhouse,False
https://www.buyrentkenya.com/listings/4-bedroom-townhouse-for-rent-general-mathenge-3979528,"4 Bed Townhouse at Eldama Ravine Rd for KSh 175,000 / month | BuyRentKenya",General Mathenge,Westlands,4.0,4.0,250.0,175000,2026-04-24 13:39:37+00:00,houses-for-rent/nairobi,rent,3979528,townhouse,False
https://www.buyrentkenya.com/listings/4-bedroom-house-for-rent-karen-3979443,"Serviced 4 Bed House at Bomas Of Kenya for KSh 250,000 / month | BuyRentKenya",Karen,Karen,4.0,4.0,,250000,2026-04-24 10:40:42+00:00,houses-for-rent/nairobi,rent,3979443,house,True
https://www.buyrentkenya.com/listings/4-bedroom-townhouse-for-rent-lower-kabete-3934968,"Serviced 4 Bed Townhouse for KSh 400,000 / month | BuyRentKenya",Lower Kabete,Westlands,4.0,4.0,,400000,2026-04-22 09:25:12+00:00,houses-for-rent/nairobi,rent,3934968,townhouse,True
https://www.buyrentkenya.com/listings/furnished-4-bedroom-villa-for-rent-loresho-3979518,"Furnished 4 Bed Villa in Loresho for KSh 580,000 / month | BuyRentKenya",Loresho,Westlands,4.0,,,580000,2026-04-24 12:09:02+00:00,houses-for-rent/nairobi,rent,3979518,villa,True
https://www.buyrentkenya.com/listings/5-bedroom-townhouse-for-rent-westlands-area-3979446,"5 Bed Townhouse in Westlands Area for KSh 650,000 / month | BuyRentKenya",Westlands Area,Westlands,5.0,5.0,,650000,2026-04-24 10:55:55+00:00,houses-for-rent/nairobi,rent,3979446,townhouse,False
https://www.buyrentkenya.com/listings/4-bedroom-townhouse-for-rent-lavington-3978687,"4 Bed Townhouse at Lavington Green for KSh 250,000 / month | BuyRentKenya",Lavington,Lavington,4.0,4.0,,250000,2026-04-24 10:49:33+00:00,houses-for-rent/nairobi,rent,3978687,townhouse,False
https://www.buyrentkenya.com/listings/4-bedroom-house-for-rent-lavington-3979322,"4 Bed House at Lavington Green for KSh 350,000 / month | BuyRentKenya",Lavington,Lavington,4.0,5.0,,350000,2026-04-24 10:49:13+00:00,houses-for-rent/nairobi,rent,3979322,house,False
https://www.buyrentkenya.com/listings/5-bedroom-house-for-rent-karen-3979440,"Serviced 5 Bed House at Miotoni for KSh 400,000 / month | BuyRentKenya",Karen,Karen,5.0,5.0,,400000,2026-04-24 10:34:42+00:00,houses-for-rent/nairobi,rent,3979440,house,True
https://www.buyrentkenya.com/listings/6-bedroom-house-for-rent-runda-3979414,"6 Bed House at Runda for KSh 450,000 / month | BuyRentKenya",Runda,Westlands,6.0,6.0,,450000,2026-04-24 09:50:40+00:00,houses-for-rent/nairobi,rent,3979414,house,False
https://www.buyrentkenya.com/listings/5-bedroom-townhouse-for-rent-lavington-3979417,"5 Bed Townhouse in Lavington for KSh 480,000 / month | BuyRentKenya",Lavington,Lavington,5.0,5.0,,480000,2026-04-24 09:48:58+00:00,houses-for-rent/nairobi,rent,3979417,townhouse,False
https://www.buyrentkenya.com/listings/5-bedroom-house-for-rent-karen-3979409,"Serviced 5 Bed House at Ololua for KSh 450,000 / month | BuyRentKenya",Karen,Karen,5.0,5.0,,450000,2026-04-24 09:35:05+00:00,houses-for-rent/nairobi,rent,3979409,house,True
https://www.buyrentkenya.com/listings/5-bedroom-townhouse-for-rent-westlands-area-3979405,"5 Bed Townhouse at Grevellea Grove for KSh 250,000 / month | BuyRentKenya",Westlands Area,Westlands,5.0,4.0,268.0,250000,2026-04-24 09:34:27+00:00,houses-for-rent/nairobi,rent,3979405,townhouse,False
https://www.buyrentkenya.com/listings/6-bedroom-house-for-rent-runda-3979380,"6 Bed House at Runda for KSh 450,000 / month | BuyRentKenya",Runda,Westlands,6.0,6.0,,450000,2026-04-24 09:23:43+00:00,houses-for-rent/nairobi,rent,3979380,house,False
https://www.buyrentkenya.com/listings/6-bedroom-townhouse-for-rent-kilimani-3979389,"6 Bed Townhouse at Kilimani Road for KSh 250,000 / month | BuyRentKenya",Kilimani,Kilimani,6.0,5.0,,250000,2026-04-24 09:23:36+00:00,houses-for-rent/nairobi,rent,3979389,townhouse,False
https://www.buyrentkenya.com/listings/5-bedroom-townhouse-for-rent-lavington-3979313,"5 Bed Townhouse at Lavington Msima Springzs for KSh 370,000 / month | BuyRentKenya",Lavington,Lavington,5.0,6.0,,370000,2026-04-24 08:42:03+00:00,houses-for-rent/nairobi,rent,3979313,townhouse,False
https://www.buyrentkenya.com/listings/5-bedroom-townhouse-for-rent-lavington-3979245,"5 Bed Townhouse at Lavington Off Convent for KSh 275,000 / month | BuyRentKenya",Lavington,Lavington,5.0,6.0,,275000,2026-04-24 08:30:22+00:00,houses-for-rent/nairobi,rent,3979245,townhouse,False
https://www.buyrentkenya.com/listings/4-bedroom-house-for-rent-gigiri-3979221,"4 Bed House at Gigiri for KSh 450,000 / month | BuyRentKenya",Gigiri,Westlands,4.0,4.0,,450000,2026-04-24 07:47:43+00:00,houses-for-rent/nairobi,rent,3979221,house,False
https://www.buyrentkenya.com/listings/4-bedroom-townhouse-for-rent-rosslyn-3979209,"4 Bed Townhouse in Rosslyn for KSh 450,000 / month | BuyRentKenya",Rosslyn,Westlands,4.0,4.0,,450000,2026-04-24 07:44:16+00:00,houses-for-rent/nairobi,rent,3979209,townhouse,False
https://www.buyrentkenya.com/listings/2-bedroom-house-for-rent-karen-3979159,"2 Bed House in Karen for KSh 60,000 / month | BuyRentKenya",Karen,Karen,2.0,1.0,,60000,2026-04-24 07:26:31+00:00,houses-for-rent/nairobi,rent,3979159,house,False
https://www.buyrentkenya.com/listings/4-bedroom-townhouse-for-rent-lavington-3979114,"4 Bed Townhouse at Lavington for KSh 270,000 / month | BuyRentKenya",Lavington,Lavington,4.0,4.0,,270000,2026-04-24 07:02:59+00:00,houses-for-rent/nairobi,rent,3979114,townhouse,False
https://www.buyrentkenya.com/listings/5-bedroom-house-for-rent-nyari-3979099,"5 Bed House at Nyari for KSh 400,000 / month | BuyRentKenya",Nyari,Westlands,5.0,5.0,,400000,2026-04-24 06:58:11+00:00,houses-for-rent/nairobi,rent,3979099,house,False
https://www.buyrentkenya.com/listings/5-bedroom-house-for-rent-runda-3979043,"5 Bed House at Runda for KSh 550,000 / month | BuyRentKenya",Runda,Westlands,5.0,5.0,,550000,2026-04-24 06:36:40+00:00,houses-for-rent/nairobi,rent,3979043,house,False
https://www.buyrentkenya.com/listings/5-bedroom-house-for-rent-ridgeways-3979036,"5 Bed House at Braeburn for KSh 550,000 / month | BuyRentKenya",Ridgeways,Ridgeways,5.0,5.0,315.0,550000,2026-04-24 06:31:16+00:00,houses-for-rent/nairobi,rent,3979036,house,False
https://www.buyrentkenya.com/listings/5-bedroom-house-for-rent-nyari-3979019,"5 Bed House at Nyari for KSh 500,000 / month | BuyRentKenya",Nyari,Westlands,5.0,5.0,,500000,2026-04-24 06:23:51+00:00,houses-for-rent/nairobi,rent,3979019,house,False
https://www.buyrentkenya.com/listings/4-bedroom-townhouse-for-rent-runda-3978974,"4 Bed Townhouse at Runda for KSh 500,000 / month | BuyRentKenya",Runda,Westlands,4.0,4.0,,500000,2026-04-24 06:09:42+00:00,houses-for-rent/nairobi,rent,3978974,townhouse,False
https://www.buyrentkenya.com/listings/5-bedroom-townhouse-for-rent-runda-3978971,"5 Bed Townhouse at Runda for KSh 580,000 / month | BuyRentKenya",Runda,Westlands,5.0,5.0,,580000,2026-04-24 05:56:34+00:00,houses-for-rent/nairobi,rent,3978971,townhouse,False
https://www.buyrentkenya.com/listings/5-bedroom-house-for-rent-gigiri-3978937,"5 Bed House at Gigiri for KSh 650,000 / month | BuyRentKenya",Gigiri,Westlands,5.0,5.0,,650000,2026-04-24 05:46:24+00:00,houses-for-rent/nairobi,rent,3978937,house,False
https://www.buyrentkenya.com/listings/5-bedroom-house-for-rent-karen-3978872,"Serviced 5 Bed House at Kenya School Of Law for KSh 250,000 / month | BuyRentKenya",Karen,Karen,5.0,5.0,,250000,2026-04-24 05:01:49+00:00,houses-for-rent/nairobi,rent,3978872,house,True
https://www.buyrentkenya.com/listings/5-bedroom-house-for-rent-karen-3978859,"Serviced 5 Bed House at Bogani Road for KSh 450,000 / month | BuyRentKenya",Karen,Karen,5.0,5.0,,450000,2026-04-24 04:53:05+00:00,houses-for-rent/nairobi,rent,3978859,house,True
https://www.buyrentkenya.com/listings/5-bedroom-house-for-rent-karen-3978848,"Serviced 5 Bed House at Bomas Of Kenya for KSh 700,000 / month | BuyRentKenya",Karen,Karen,5.0,5.0,,700000,2026-04-23 21:01:01+00:00,houses-for-rent/nairobi,rent,3978848,house,True
https://www.buyrentkenya.com/listings/4-bedroom-townhouse-for-rent-lavington-3978833,"4 Bed Townhouse at Lavington James Gichuru for KSh 250,000 / month | BuyRentKenya",Lavington,Lavington,4.0,5.0,,250000,2026-04-23 20:24:28+00:00,houses-for-rent/nairobi,rent,3978833,townhouse,False
https://www.buyrentkenya.com/listings/4-bedroom-townhouse-for-rent-lavington-3978792,"4 Bed Townhouse at Lavington Ndoto Road for KSh 250,000 / month | BuyRentKenya",Lavington,Lavington,4.0,5.0,,250000,2026-04-23 19:28:11+00:00,houses-for-rent/nairobi,rent,3978792,townhouse,False
https://www.buyrentkenya.com/listings/5-bedroom-townhouse-for-rent-lavington-3978798,"5 Bed Townhouse at Lavington Green for KSh 420,000 / month | BuyRentKenya",Lavington,Lavington,5.0,5.0,,420000,2026-04-23 19:15:30+00:00,houses-for-rent/nairobi,rent,3978798,townhouse,False
https://www.buyrentkenya.com/listings/4-bedroom-townhouse-for-rent-lavington-3978791,"4 Bed Townhouse at Lavington Off Convent Drive for KSh 260,000 / month | BuyRentKenya",Lavington,Lavington,4.0,5.0,,260000,2026-04-23 18:49:23+00:00,houses-for-rent/nairobi,rent,3978791,townhouse,False
https://www.buyrentkenya.com/listings/4-bedroom-townhouse-for-rent-kileleshwa-3978787,"4 Bed Townhouse at Kileleshwa Vihiga for KSh 210,000 / month | BuyRentKenya",Kileleshwa,Kileleshwa,4.0,5.0,430.0,210000,2026-04-23 18:40:28+00:00,houses-for-rent/nairobi,rent,3978787,townhouse,False
https://www.buyrentkenya.com/listings/1-bedroom-house-for-rent-brookside-3978784,"1 Bed House at Grovelia Grove for KSh 100,000 / month | BuyRentKenya",Brookside,Westlands,1.0,2.0,,100000,2026-04-23 18:18:48+00:00,houses-for-rent/nairobi,rent,3978784,house,False
https://www.buyrentkenya.com/listings/4-bedroom-townhouse-for-rent-lavington-3978782,"4 Bed Townhouse at Lavington Apple Cross for KSh 370,000 / month | BuyRentKenya",Lavington,Lavington,4.0,6.0,,370000,2026-04-23 17:59:52+00:00,houses-for-rent/nairobi,rent,3978782,townhouse,False
https://www.buyrentkenya.com/listings/4-bedroom-townhouse-for-rent-kileleshwa-3978776,"4 Bed Townhouse at Kileleshwa for KSh 200,000 / month | BuyRentKenya",Kileleshwa,Kileleshwa,4.0,4.0,430.0,200000,2026-04-23 17:41:17+00:00,houses-for-rent/nairobi,rent,3978776,townhouse,False
https://www.buyrentkenya.com/listings/4-bedroom-house-for-rent-hill-view-3978777,"4 Bed House in Hill View for KSh 400,000 / month | BuyRentKenya",Hill View,Westlands,4.0,4.0,,400000,2026-04-23 17:39:22+00:00,houses-for-rent/nairobi,rent,3978777,house,False
https://www.buyrentkenya.com/listings/5-bedroom-house-for-rent-gigiri-3978778,"5 Bed House at Un Crescent for KSh 455,000 / month | BuyRentKenya",Gigiri,Westlands,5.0,6.0,,455000,2026-04-23 17:37:03+00:00,houses-for-rent/nairobi,rent,3978778,house,False
https://www.buyrentkenya.com/listings/4-bedroom-townhouse-for-rent-lavington-3978775,"4 Bed Townhouse at Lavington Mall for KSh 280,000 / month | BuyRentKenya",Lavington,Lavington,4.0,5.0,,280000,2026-04-23 17:19:46+00:00,houses-for-rent/nairobi,rent,3978775,townhouse,False
https://www.buyrentkenya.com/listings/4-bedroom-townhouse-for-rent-lavington-3978774,"4 Bed Townhouse at Lavington Green for KSh 280,000 / month | BuyRentKenya",Lavington,Lavington,4.0,5.0,,280000,2026-04-23 17:07:03+00:00,houses-for-rent/nairobi,rent,3978774,townhouse,False
https://www.buyrentkenya.com/listings/5-bedroom-townhouse-for-rent-brookside-3978772,"5 Bed Townhouse at Brookside Drive for KSh 260,000 / month | BuyRentKenya",Brookside,Westlands,5.0,6.0,250.0,260000,2026-04-23 17:00:52+00:00,houses-for-rent/nairobi,rent,3978772,townhouse,False
https://www.buyrentkenya.com/listings/4-bedroom-house-for-rent-lavington-3978769,"4 Bed House at Lavington for KSh 350,000 / month | BuyRentKenya",Lavington,Lavington,4.0,5.0,,350000,2026-04-23 16:53:39+00:00,houses-for-rent/nairobi,rent,3978769,house,False
https://www.buyrentkenya.com/listings/4-bedroom-house-for-rent-hill-view-3978763,"4 Bed House at Hill View for KSh 400,000 / month | BuyRentKenya",Hill View,Westlands,4.0,6.0,,400000,2026-04-23 16:16:21+00:00,houses-for-rent/nairobi,rent,3978763,house,False
https://www.buyrentkenya.com/listings/5-bedroom-townhouse-for-rent-spring-valley-3978668,"5 Bed Townhouse at Spring Valley for KSh 300,000 / month | BuyRentKenya",Spring Valley,Westlands,5.0,6.0,,300000,2026-04-23 15:32:54+00:00,houses-for-rent/nairobi,rent,3978668,townhouse,False
https://www.buyrentkenya.com/listings/4-bedroom-house-for-rent-hill-view-3978743,"4 Bed House in Hill View for KSh 400,000 / month | BuyRentKenya",Hill View,Westlands,4.0,4.0,,400000,2026-04-23 14:14:55+00:00,houses-for-rent/nairobi,rent,3978743,house,False
https://www.buyrentkenya.com/listings/6-bedroom-house-for-rent-karen-3978744,"Serviced 6 Bed House at Magadi Road for KSh 450,000 / month | BuyRentKenya",Karen,Karen,6.0,5.0,,450000,2026-04-23 14:14:08+00:00,houses-for-rent/nairobi,rent,3978744,house,True
https://www.buyrentkenya.com/listings/3-bedroom-house-for-rent-nyari-3978708,"3 Bed House in Nyari for KSh 200,000 / month | BuyRentKenya",Nyari,Westlands,3.0,3.0,,200000,2026-04-23 13:34:38+00:00,houses-for-rent/nairobi,rent,3978708,house,False
https://www.buyrentkenya.com/listings/6-bedroom-house-for-rent-nyari-3976859,"6 Bed House in Nyari for KSh 494,000 / month | BuyRentKenya",Nyari,Westlands,6.0,5.0,75.0,494000,2026-04-23 12:54:40+00:00,houses-for-rent/nairobi,rent,3976859,house,False
https://www.buyrentkenya.com/listings/1-bedroom-townhouse-for-rent-westlands-area-3978652,"1 Bed Townhouse at Off Brook House Drive for KSh 110,500 / month | BuyRentKenya",Westlands Area,Westlands,1.0,1.0,,110500,2026-04-23 11:55:29+00:00,houses-for-rent/nairobi,rent,3978652,townhouse,False
https://www.buyrentkenya.com/listings/2-bedroom-house-for-rent-karen-3978637,"2 Bed House at Kerarapon for KSh 60,000 / month | BuyRentKenya",Karen,Karen,2.0,2.0,,60000,2026-04-23 11:18:39+00:00,houses-for-rent/nairobi,rent,3978637,house,False
https://www.buyrentkenya.com/listings/1-bedroom-house-for-rent-kitisuru-3978633,"1 Bed House at Peponi Road for KSh 195,000 / month | BuyRentKenya",Kitisuru,Westlands,1.0,1.0,,195000,2026-04-23 10:59:56+00:00,houses-for-rent/nairobi,rent,3978633,house,False
https://www.buyrentkenya.com/listings/4-bedroom-townhouse-for-rent-westlands-area-3978600,"4 Bed Townhouse at Eldama Ravine for KSh 175,000 / month | BuyRentKenya",Westlands Area,Westlands,4.0,3.0,250.0,175000,2026-04-23 10:50:09+00:00,houses-for-rent/nairobi,rent,3978600,townhouse,False
https://www.buyrentkenya.com/listings/5-bedroom-house-for-rent-lavington-3978613,"5 Bed House in Lavington for KSh 350,000 / month | BuyRentKenya",Lavington,Lavington,5.0,4.0,,350000,2026-04-23 10:27:16+00:00,houses-for-rent/nairobi,rent,3978613,house,False
https://www.buyrentkenya.com/listings/3-bedroom-villa-for-rent-kiambu-road-3812206,"3 Bed Villa at Edenville Estate Two for KSh 150,000 / month | BuyRentKenya",Kiambu Road,Kiambu Road,3.0,3.0,,150000,2026-04-09 08:28:08+00:00,houses-for-rent/nairobi,rent,3812206,villa,False
https://www.buyrentkenya.com/listings/3-bedroom-townhouse-for-rent-westlands-area-3919715,"3 Bed Townhouse in Westlands Area for KSh 195,000 / month | BuyRentKenya",Westlands Area,Westlands,3.0,,250.0,195000,2026-03-12 05:04:31+00:00,houses-for-rent/nairobi,rent,3919715,townhouse,False
https://www.buyrentkenya.com/listings/4-bedroom-townhouse-for-rent-spring-valley-3797884,"4 Bed Townhouse in Spring Valley for KSh 430,000 / month | BuyRentKenya",Spring Valley,Westlands,4.0,4.0,380.0,430000,2026-03-30 13:10:24+00:00,houses-for-rent/nairobi,rent,3797884,townhouse,False
https://www.buyrentkenya.com/listings/4-bedroom-townhouse-for-rent-lavington-3978480,"4 Bed Townhouse at Lavington Green for KSh 360,000 / month | BuyRentKenya",Lavington,Lavington,4.0,4.0,,360000,2026-04-23 08:38:04+00:00,houses-for-rent/nairobi,rent,3978480,townhouse,False
https://www.buyrentkenya.com/listings/1-bedroom-house-for-rent-lavington-3978478,"1 Bed House in Lavington for KSh 38,000 / month | BuyRentKenya",Lavington,Lavington,1.0,1.0,,38000,2026-04-23 08:25:01+00:00,houses-for-rent/nairobi,rent,3978478,house,False
https://www.buyrentkenya.com/listings/4-bedroom-house-for-rent-kitisuru-3978378,"4 Bed House at Kitisuru for KSh 390,000 / month | BuyRentKenya",Kitisuru,Westlands,4.0,4.0,,390000,2026-04-23 07:47:58+00:00,houses-for-rent/nairobi,rent,3978378,house,False
https://www.buyrentkenya.com/listings/2-bedroom-house-for-rent-karen-3978228,"2 Bed House in Karen for KSh 130,000 / month | BuyRentKenya",Karen,Karen,2.0,2.0,,130000,2026-04-23 06:46:26+00:00,houses-for-rent/nairobi,rent,3978228,house,False
https://www.buyrentkenya.com/listings/3-bedroom-townhouse-for-rent-donholm-3960272,"3 Bed Townhouse in Donholm for KSh 70,000 / month | BuyRentKenya",Donholm,Donholm,3.0,4.0,,70000,2026-04-22 08:00:58+00:00,houses-for-rent/nairobi,rent,3960272,townhouse,False
https://www.buyrentkenya.com/listings/4-bedroom-townhouse-for-rent-kilimani-3978174,"4 Bed Townhouse at Kilimani for KSh 220,000 / month | BuyRentKenya",Kilimani,Kilimani,4.0,3.0,,220000,2026-04-23 06:18:10+00:00,houses-for-rent/nairobi,rent,3978174,townhouse,False
https://www.buyrentkenya.com/listings/3-bedroom-townhouse-for-rent-nyari-3978010,"3 Bed Townhouse at Nyari West for KSh 230,000 / month | BuyRentKenya",Nyari,Westlands,3.0,3.0,268.0,230000,2026-04-23 05:27:06+00:00,houses-for-rent/nairobi,rent,3978010,townhouse,False
https://www.buyrentkenya.com/listings/5-bedroom-house-for-rent-muthaiga-3977988,"5 Bed House at Muthaiga North for KSh 400,000 / month | BuyRentKenya",Muthaiga,Muthaiga,5.0,5.0,,400000,2026-04-23 05:12:23+00:00,houses-for-rent/nairobi,rent,3977988,house,False
https://www.buyrentkenya.com/listings/4-bedroom-villa-for-rent-kiambu-road-3977897,"4 Bed Villa in Kiambu Road for KSh 350,000 / month | BuyRentKenya",Kiambu Road,Kiambu Road,4.0,5.0,,350000,2026-04-23 02:24:47+00:00,houses-for-rent/nairobi,rent,3977897,villa,False
https://www.buyrentkenya.com/listings/4-bedroom-villa-for-rent-kiambu-road-3977896,"4 Bed Villa in Kiambu Road for KSh 250,000 / month | BuyRentKenya",Kiambu Road,Kiambu Road,4.0,5.0,250.0,250000,2026-04-23 02:12:12+00:00,houses-for-rent/nairobi,rent,3977896,villa,False
https://www.buyrentkenya.com/listings/furnished-4-bedroom-villa-for-rent-kiambu-road-3977895,"Furnished 4 Bed Villa in Kiambu Road for KSh 260,000 / month | BuyRentKenya",Kiambu Road,Kiambu Road,4.0,4.0,250.0,260000,2026-04-23 02:04:03+00:00,houses-for-rent/nairobi,rent,3977895,villa,True
https://www.buyrentkenya.com/listings/4-bedroom-villa-for-rent-kiambu-road-3977894,"4 Bed Villa in Kiambu Road for KSh 190,000 / month | BuyRentKenya",Kiambu Road,Kiambu Road,4.0,4.0,,190000,2026-04-23 01:47:48+00:00,houses-for-rent/nairobi,rent,3977894,villa,False
https://www.buyrentkenya.com/listings/5-bedroom-townhouse-for-rent-runda-3977892,"5 Bed Townhouse in Runda for KSh 580,000 / month | BuyRentKenya",Runda,Westlands,5.0,,,580000,2026-04-22 23:12:40+00:00,houses-for-rent/nairobi,rent,3977892,townhouse,False
https://www.buyrentkenya.com/listings/4-bedroom-townhouse-for-rent-lavington-3977883,"4 Bed Townhouse at Lavington Maji Mazuri for KSh 250,000 / month | BuyRentKenya",Lavington,Lavington,4.0,4.0,,250000,2026-04-22 21:12:01+00:00,houses-for-rent/nairobi,rent,3977883,townhouse,False
https://www.buyrentkenya.com/listings/5-bedroom-townhouse-for-rent-lavington-3977179,"5 Bed Townhouse at Lavington Green for KSh 420,000 / month | BuyRentKenya",Lavington,Lavington,5.0,5.0,,420000,2026-04-21 20:26:16+00:00,houses-for-rent/nairobi,rent,3977179,townhouse,False
https://www.buyrentkenya.com/listings/4-bedroom-townhouse-for-rent-lavington-3977879,"4 Bed Townhouse at Lavington Green for KSh 320,000 / month | BuyRentKenya",Lavington,Lavington,4.0,4.0,,320000,2026-04-22 20:51:40+00:00,houses-for-rent/nairobi,rent,3977879,townhouse,False
https://www.buyrentkenya.com/listings/2-bedroom-apartment-for-sale-kileleshwa-3980587,"2 Bed Apartment in Kileleshwa for KSh 6,000,000 | BuyRentKenya",Kileleshwa,Kileleshwa,2.0,2.0,55.0,6000000,2026-04-27 11:46:41+00:00,flats-apartments-for-sale/nairobi,sale,3980587,apartment,False
https://www.buyrentkenya.com/listings/3-bedroom-apartment-for-sale-kilimani-3980517,"3 Bed Apartment in Kilimani for KSh 9,000,000 | BuyRentKenya",Kilimani,Kilimani,3.0,3.0,75.0,9000000,2026-04-27 11:33:13+00:00,flats-apartments-for-sale/nairobi,sale,3980517,apartment,False
https://www.buyrentkenya.com/listings/4-bedroom-apartment-for-sale-kileleshwa-3975235,"4 Bed Apartment in Kileleshwa for KSh 13,000,000 | BuyRentKenya",Kileleshwa,Kileleshwa,4.0,5.0,138.0,13000000,2026-04-27 11:08:45+00:00,flats-apartments-for-sale/nairobi,sale,3975235,apartment,False
https://www.buyrentkenya.com/listings/2-bedroom-apartment-for-sale-kileleshwa-3979972,"2 Bed Apartment in Kileleshwa for KSh 10,000,000 | BuyRentKenya",Kileleshwa,Kileleshwa,2.0,3.0,105.0,10000000,2026-04-27 18:50:25+00:00,flats-apartments-for-sale/nairobi,sale,3979972,apartment,False
https://www.buyrentkenya.com/listings/1-bedroom-apartment-for-sale-kileleshwa-3979983,"1 Bed Apartment in Kileleshwa for KSh 5,000,000 | BuyRentKenya",Kileleshwa,Kileleshwa,1.0,2.0,48.0,5000000,2026-04-27 18:50:22+00:00,flats-apartments-for-sale/nairobi,sale,3979983,apartment,False
https://www.buyrentkenya.com/listings/1-bedroom-apartment-for-sale-kileleshwa-3979987,"1 Bed Apartment in Kileleshwa for KSh 5,300,000 | BuyRentKenya",Kileleshwa,Kileleshwa,1.0,2.0,57.0,5300000,2026-04-27 18:50:19+00:00,flats-apartments-for-sale/nairobi,sale,3979987,apartment,False
https://www.buyrentkenya.com/listings/1-bedroom-apartment-for-sale-westlands-area-3980176,"1 Bed Apartment in Westlands Area for KSh 6,500,000 | BuyRentKenya",Westlands Area,Westlands,1.0,2.0,60.0,6500000,2026-04-27 18:50:12+00:00,flats-apartments-for-sale/nairobi,sale,3980176,apartment,False
https://www.buyrentkenya.com/listings/1-bedroom-apartment-for-sale-westlands-area-3980209,"1 Bed Apartment in Westlands Area for KSh 8,300,000 | BuyRentKenya",Westlands Area,Westlands,1.0,2.0,89.0,8300000,2026-04-27 18:50:08+00:00,flats-apartments-for-sale/nairobi,sale,3980209,apartment,False
https://www.buyrentkenya.com/listings/2-bedroom-apartment-for-sale-westlands-area-3980213,"2 Bed Apartment in Westlands Area for KSh 14,000,000 | BuyRentKenya",Westlands Area,Westlands,2.0,3.0,101.0,14000000,2026-04-27 18:47:55+00:00,flats-apartments-for-sale/nairobi,sale,3980213,apartment,False
https://www.buyrentkenya.com/listings/1-bedroom-apartment-for-sale-westlands-area-3980214,"1 Bed Apartment in Westlands Area for KSh 7,000,000 | BuyRentKenya",Westlands Area,Westlands,1.0,2.0,64.0,7000000,2026-04-27 18:47:54+00:00,flats-apartments-for-sale/nairobi,sale,3980214,apartment,False
https://www.buyrentkenya.com/listings/1-bedroom-apartment-for-sale-lavington-3980252,"1 Bed Apartment in Lavington for KSh 6,000,000 | BuyRentKenya",Lavington,Lavington,1.0,2.0,,6000000,2026-04-27 18:47:51+00:00,flats-apartments-for-sale/nairobi,sale,3980252,apartment,False
https://www.buyrentkenya.com/listings/3-bedroom-apartment-for-sale-lavington-3980256,"3 Bed Apartment in Lavington for KSh 12,500,000 | BuyRentKenya",Lavington,Lavington,3.0,3.0,110.0,12500000,2026-04-27 18:47:49+00:00,flats-apartments-for-sale/nairobi,sale,3980256,apartment,False
https://www.buyrentkenya.com/listings/3-bedroom-apartment-for-sale-lavington-3980259,"3 Bed Apartment in Lavington for KSh 18,000,000 | BuyRentKenya",Lavington,Lavington,3.0,4.0,146.0,18000000,2026-04-27 18:47:47+00:00,flats-apartments-for-sale/nairobi,sale,3980259,apartment,False
https://www.buyrentkenya.com/listings/3-bedroom-apartment-for-sale-riverside-3980282,"3 Bed Apartment in Riverside for KSh 40,000,000 | BuyRentKenya",Riverside,Westlands,3.0,4.0,,40000000,2026-04-27 18:47:44+00:00,flats-apartments-for-sale/nairobi,sale,3980282,apartment,False
https://www.buyrentkenya.com/listings/2-bedroom-apartment-for-sale-riverside-3980316,"2 Bed Apartment in Riverside for KSh 13,000,000 | BuyRentKenya",Riverside,Westlands,2.0,2.0,,13000000,2026-04-27 18:47:42+00:00,flats-apartments-for-sale/nairobi,sale,3980316,apartment,False
https://www.buyrentkenya.com/listings/2-bedroom-apartment-for-sale-riverside-3980329,"2 Bed Apartment in Riverside for KSh 24,000,000 | BuyRentKenya",Riverside,Westlands,2.0,3.0,,24000000,2026-04-27 18:47:39+00:00,flats-apartments-for-sale/nairobi,sale,3980329,apartment,False
https://www.buyrentkenya.com/listings/2-bedroom-apartment-for-sale-kilimani-3980736,"2 Bed Apartment in Kilimani for KSh 8,000,000 | BuyRentKenya",Kilimani,Kilimani,2.0,3.0,100.0,8000000,2026-04-27 18:47:37+00:00,flats-apartments-for-sale/nairobi,sale,3980736,apartment,False
https://www.buyrentkenya.com/listings/2-bedroom-apartment-for-sale-kilimani-3980738,"2 Bed Apartment in Kilimani for KSh 11,000,000 | BuyRentKenya",Kilimani,Kilimani,2.0,3.0,108.0,11000000,2026-04-27 18:47:35+00:00,flats-apartments-for-sale/nairobi,sale,3980738,apartment,False
https://www.buyrentkenya.com/listings/1-bedroom-apartment-for-sale-kilimani-3980739,"1 Bed Apartment in Kilimani for KSh 6,300,000 | BuyRentKenya",Kilimani,Kilimani,1.0,2.0,70.0,6300000,2026-04-27 18:47:32+00:00,flats-apartments-for-sale/nairobi,sale,3980739,apartment,False
https://www.buyrentkenya.com/listings/1-bedroom-apartment-for-sale-westlands-area-3980934,"1 Bed Apartment in Westlands Area for KSh 8,800,000 | BuyRentKenya",Westlands Area,Westlands,1.0,1.0,67.0,8800000,2026-04-27 16:37:12+00:00,flats-apartments-for-sale/nairobi,sale,3980934,apartment,False
https://www.buyrentkenya.com/listings/1-bedroom-apartment-for-sale-dennis-pritt-3980531,"1 Bed Apartment in Dennis Pritt for KSh 7,000,000 | BuyRentKenya",Dennis Pritt,Dennis Pritt,1.0,1.0,64.0,7000000,2026-04-27 16:14:32+00:00,flats-apartments-for-sale/nairobi,sale,3980531,apartment,False
https://www.buyrentkenya.com/listings/1-bedroom-apartment-for-sale-westlands-area-3980923,"1 Bed Apartment at Raphta Road for KSh 8,900,000 | BuyRentKenya",Westlands Area,Westlands,1.0,1.0,89.0,8900000,2026-04-27 15:46:52+00:00,flats-apartments-for-sale/nairobi,sale,3980923,apartment,False
https://www.buyrentkenya.com/listings/2-bedroom-apartment-for-sale-westlands-area-3980922,"2 Bed Apartment at General Mathenge for KSh 15,000,000 | BuyRentKenya",Westlands Area,Westlands,2.0,2.0,114.0,15000000,2026-04-27 15:44:33+00:00,flats-apartments-for-sale/nairobi,sale,3980922,apartment,False
https://www.buyrentkenya.com/listings/1-bedroom-apartment-for-sale-westlands-area-3980921,"1 Bed Apartment at Raphta Road for KSh 7,300,000 | BuyRentKenya",Westlands Area,Westlands,1.0,1.0,75.0,7300000,2026-04-27 15:42:04+00:00,flats-apartments-for-sale/nairobi,sale,3980921,apartment,False
https://www.buyrentkenya.com/listings/4-bedroom-apartment-for-sale-westlands-area-3980920,"4 Bed Apartment at Muthithi Road for KSh 65,000,000 | BuyRentKenya",Westlands Area,Westlands,4.0,4.0,379.0,65000000,2026-04-27 15:38:16+00:00,flats-apartments-for-sale/nairobi,sale,3980920,apartment,False
https://www.buyrentkenya.com/listings/1-bedroom-apartment-for-sale-lavington-3980554,"1 Bed Apartment in Lavington for KSh 3,000,000 | BuyRentKenya",Lavington,Lavington,1.0,1.0,,3000000,2026-04-27 10:57:59+00:00,flats-apartments-for-sale/nairobi,sale,3980554,apartment,False
https://www.buyrentkenya.com/listings/1-bedroom-apartment-for-sale-westlands-area-3980412,"1 Bed Apartment in Westlands Area for KSh 4,000,000 | BuyRentKenya",Westlands Area,Westlands,1.0,1.0,,4000000,2026-04-27 11:19:06+00:00,flats-apartments-for-sale/nairobi,sale,3980412,apartment,False
https://www.buyrentkenya.com/listings/3-bedroom-apartment-for-sale-westlands-area-3980494,"3 Bed Apartment in Westlands Area for KSh 12,000,000 | BuyRentKenya",Westlands Area,Westlands,3.0,3.0,114.0,12000000,2026-04-27 10:52:07+00:00,flats-apartments-for-sale/nairobi,sale,3980494,apartment,False
https://www.buyrentkenya.com/listings/4-bedroom-apartment-for-sale-westlands-area-3980919,"4 Bed Apartment at Muthithi Road for KSh 126,000,000 | BuyRentKenya",Westlands Area,Westlands,4.0,4.0,,126000000,2026-04-27 15:35:50+00:00,flats-apartments-for-sale/nairobi,sale,3980919,apartment,False
https://www.buyrentkenya.com/listings/2-bedroom-apartment-for-sale-lavington-3980837,"2 Bed Apartment in Lavington for KSh 6,000,000 | BuyRentKenya",Lavington,Lavington,2.0,2.0,66.0,6000000,2026-04-27 14:12:06+00:00,flats-apartments-for-sale/nairobi,sale,3980837,apartment,False
https://www.buyrentkenya.com/listings/2-bedroom-apartment-for-sale-lavington-3980775,"2 Bed Apartment in Lavington for KSh 6,000,000 | BuyRentKenya",Lavington,Lavington,2.0,2.0,50.0,6000000,2026-04-27 13:52:30+00:00,flats-apartments-for-sale/nairobi,sale,3980775,apartment,False
https://www.buyrentkenya.com/listings/2-bedroom-apartment-for-sale-lavington-3980915,"2 Bed Apartment at Kingara Road for KSh 11,000,000 | BuyRentKenya",Lavington,Lavington,2.0,2.0,110.0,11000000,2026-04-27 15:30:51+00:00,flats-apartments-for-sale/nairobi,sale,3980915,apartment,False
https://www.buyrentkenya.com/listings/1-bedroom-apartment-for-sale-lavington-3980835,"1 Bed Apartment in Lavington for KSh 3,000,000 | BuyRentKenya",Lavington,Lavington,1.0,1.0,,3000000,2026-04-27 14:06:34+00:00,flats-apartments-for-sale/nairobi,sale,3980835,apartment,False
https://www.buyrentkenya.com/listings/1-bedroom-apartment-for-sale-lavington-3980771,"1 Bed Apartment in Lavington for KSh 3,000,000 | BuyRentKenya",Lavington,Lavington,1.0,1.0,,3000000,2026-04-27 13:52:23+00:00,flats-apartments-for-sale/nairobi,sale,3980771,apartment,False
https://www.buyrentkenya.com/listings/1-bedroom-apartment-for-sale-kilimani-3977908,"1 Bed Apartment in Kilimani for KSh 3,000,000 | BuyRentKenya",Kilimani,Kilimani,1.0,1.0,,3000000,2026-04-27 15:29:02+00:00,flats-apartments-for-sale/nairobi,sale,3977908,apartment,False
https://www.buyrentkenya.com/listings/1-bedroom-apartment-for-sale-kilimani-3977907,"1 Bed Apartment in Kilimani for KSh 3,000,000 | BuyRentKenya",Kilimani,Kilimani,1.0,1.0,,3000000,2026-04-27 15:28:53+00:00,flats-apartments-for-sale/nairobi,sale,3977907,apartment,False
https://www.buyrentkenya.com/listings/2-bedroom-apartment-for-sale-westlands-area-3980077,"2 Bed Apartment in Westlands Area for KSh 7,000,000 | BuyRentKenya",Westlands Area,Westlands,2.0,2.0,67.0,7000000,2026-04-27 15:28:17+00:00,flats-apartments-for-sale/nairobi,sale,3980077,apartment,False
https://www.buyrentkenya.com/listings/1-bedroom-apartment-for-sale-lavington-3980914,"1 Bed Apartment at Kingara Road for KSh 6,600,000 | BuyRentKenya",Lavington,Lavington,1.0,1.0,66.0,6600000,2026-04-27 15:28:15+00:00,flats-apartments-for-sale/nairobi,sale,3980914,apartment,False
https://www.buyrentkenya.com/listings/2-bedroom-apartment-for-sale-westlands-area-3980075,"2 Bed Apartment in Westlands Area for KSh 7,000,000 | BuyRentKenya",Westlands Area,Westlands,2.0,2.0,,7000000,2026-04-27 15:28:07+00:00,flats-apartments-for-sale/nairobi,sale,3980075,apartment,False
https://www.buyrentkenya.com/listings/1-bedroom-apartment-for-sale-westlands-area-3980069,"1 Bed Apartment in Westlands Area for KSh 4,000,000 | BuyRentKenya",Westlands Area,Westlands,1.0,1.0,,4000000,2026-04-27 15:27:54+00:00,flats-apartments-for-sale/nairobi,sale,3980069,apartment,False
https://www.buyrentkenya.com/listings/1-bedroom-apartment-for-sale-westlands-area-3980067,"1 Bed Apartment in Westlands Area for KSh 4,000,000 | BuyRentKenya",Westlands Area,Westlands,1.0,1.0,,4000000,2026-04-27 15:27:45+00:00,flats-apartments-for-sale/nairobi,sale,3980067,apartment,False
https://www.buyrentkenya.com/listings/1-bedroom-apartment-for-sale-westlands-area-3980910,"1 Bed Apartment at Muthithi Road for KSh 9,000,000 | BuyRentKenya",Westlands Area,Westlands,1.0,1.0,78.0,9000000,2026-04-27 15:25:25+00:00,flats-apartments-for-sale/nairobi,sale,3980910,apartment,False
https://www.buyrentkenya.com/listings/2-bedroom-apartment-for-sale-westlands-area-3980909,"2 Bed Apartment at Muthithi Road for KSh 20,000,000 | BuyRentKenya",Westlands Area,Westlands,2.0,2.0,138.0,20000000,2026-04-27 15:23:19+00:00,flats-apartments-for-sale/nairobi,sale,3980909,apartment,False
https://www.buyrentkenya.com/listings/1-bedroom-apartment-for-sale-westlands-area-3980908,"1 Bed Apartment at Muthithi Road for KSh 6,500,000 | BuyRentKenya",Westlands Area,Westlands,1.0,1.0,64.0,6500000,2026-04-27 15:20:58+00:00,flats-apartments-for-sale/nairobi,sale,3980908,apartment,False
https://www.buyrentkenya.com/listings/2-bedroom-apartment-for-sale-westlands-area-3980906,"2 Bed Apartment in Westlands Area for KSh 7,000,000 | BuyRentKenya",Westlands Area,Westlands,2.0,2.0,62.0,7000000,2026-04-27 15:18:41+00:00,flats-apartments-for-sale/nairobi,sale,3980906,apartment,False
https://www.buyrentkenya.com/listings/2-bedroom-apartment-for-sale-westlands-area-3980907,"2 Bed Apartment in Westlands Area for KSh 7,000,000 | BuyRentKenya",Westlands Area,Westlands,2.0,2.0,60.0,7000000,2026-04-27 15:18:38+00:00,flats-apartments-for-sale/nairobi,sale,3980907,apartment,False
https://www.buyrentkenya.com/listings/1-bedroom-apartment-for-sale-westlands-area-3980904,"1 Bed Apartment in Westlands Area for KSh 4,000,000 | BuyRentKenya",Westlands Area,Westlands,1.0,1.0,,4000000,2026-04-27 15:18:02+00:00,flats-apartments-for-sale/nairobi,sale,3980904,apartment,False
https://www.buyrentkenya.com/listings/1-bedroom-apartment-for-sale-westlands-area-3980903,"1 Bed Apartment in Westlands Area for KSh 4,000,000 | BuyRentKenya",Westlands Area,Westlands,1.0,1.0,,4000000,2026-04-27 15:17:59+00:00,flats-apartments-for-sale/nairobi,sale,3980903,apartment,False
https://www.buyrentkenya.com/listings/1-bedroom-apartment-for-sale-westlands-area-3980905,"1 Bed Apartment at Ojijo Rd for KSh 6,900,000 | BuyRentKenya",Westlands Area,Westlands,1.0,1.0,67.0,6900000,2026-04-27 15:17:53+00:00,flats-apartments-for-sale/nairobi,sale,3980905,apartment,False
https://www.buyrentkenya.com/listings/1-bedroom-apartment-for-sale-kilimani-3980902,"1 Bed Apartment at Wood Avenue for KSh 6,500,000 | BuyRentKenya",Kilimani,Kilimani,1.0,1.0,55.0,6500000,2026-04-27 15:15:28+00:00,flats-apartments-for-sale/nairobi,sale,3980902,apartment,False
https://www.buyrentkenya.com/listings/2-bedroom-apartment-for-sale-westlands-area-3980524,"2 Bed Apartment in Westlands Area for KSh 7,000,000 | BuyRentKenya",Westlands Area,Westlands,2.0,2.0,,7000000,2026-04-27 10:51:36+00:00,flats-apartments-for-sale/nairobi,sale,3980524,apartment,False
https://www.buyrentkenya.com/listings/1-bedroom-apartment-for-sale-westlands-area-3980530,"1 Bed Apartment in Westlands Area for KSh 4,000,000 | BuyRentKenya",Westlands Area,Westlands,1.0,1.0,,4000000,2026-04-27 10:15:43+00:00,flats-apartments-for-sale/nairobi,sale,3980530,apartment,False
https://www.buyrentkenya.com/listings/4-bedroom-apartment-for-sale-lavington-3980623,"4 Bed Apartment in Lavington for KSh 13,000,000 | BuyRentKenya",Lavington,Lavington,4.0,4.0,109.0,13000000,2026-04-27 11:50:22+00:00,flats-apartments-for-sale/nairobi,sale,3980623,apartment,False
https://www.buyrentkenya.com/listings/1-bedroom-apartment-for-sale-westlands-area-3980900,"1 Bed Apartment at Muthithi Road for KSh 6,900,000 | BuyRentKenya",Westlands Area,Westlands,1.0,1.0,60.0,6900000,2026-04-27 15:12:44+00:00,flats-apartments-for-sale/nairobi,sale,3980900,apartment,False
https://www.buyrentkenya.com/listings/1-bedroom-apartment-for-sale-westlands-area-3980899,"1 Bed Apartment in Westlands Area for KSh 4,000,000 | BuyRentKenya",Westlands Area,Westlands,1.0,1.0,,4000000,2026-04-27 15:11:29+00:00,flats-apartments-for-sale/nairobi,sale,3980899,apartment,False
https://www.buyrentkenya.com/listings/1-bedroom-apartment-for-sale-westlands-area-3980901,"1 Bed Apartment in Westlands Area for KSh 4,000,000 | BuyRentKenya",Westlands Area,Westlands,1.0,1.0,,4000000,2026-04-27 15:11:27+00:00,flats-apartments-for-sale/nairobi,sale,3980901,apartment,False
https://www.buyrentkenya.com/listings/3-bedroom-apartment-for-sale-kileleshwa-3980898,"3 Bed Apartment at Siaya Rd for KSh 12,900,000 | BuyRentKenya",Kileleshwa,Kileleshwa,3.0,3.0,136.0,12900000,2026-04-27 15:10:04+00:00,flats-apartments-for-sale/nairobi,sale,3980898,apartment,False
https://www.buyrentkenya.com/listings/2-bedroom-apartment-for-sale-kileleshwa-3980896,"2 Bed Apartment at Siaya Rd for KSh 9,900,000 | BuyRentKenya",Kileleshwa,Kileleshwa,2.0,2.0,105.0,9900000,2026-04-27 15:07:35+00:00,flats-apartments-for-sale/nairobi,sale,3980896,apartment,False
https://www.buyrentkenya.com/listings/1-bedroom-apartment-for-sale-kileleshwa-3980895,"1 Bed Apartment at Siaya Rd for KSh 5,800,000 | BuyRentKenya",Kileleshwa,Kileleshwa,1.0,1.0,55.0,5800000,2026-04-27 15:03:48+00:00,flats-apartments-for-sale/nairobi,sale,3980895,apartment,False
https://www.buyrentkenya.com/listings/1-bedroom-apartment-for-sale-westlands-area-3980893,"1 Bed Apartment at Mogotio Road for KSh 11,700,000 | BuyRentKenya",Westlands Area,Westlands,1.0,1.0,86.0,11700000,2026-04-27 15:00:53+00:00,flats-apartments-for-sale/nairobi,sale,3980893,apartment,False
https://www.buyrentkenya.com/listings/2-bedroom-apartment-for-sale-westlands-area-3980880,"2 Bed Apartment at Gtc for KSh 16,500,000 | BuyRentKenya",Westlands Area,Westlands,2.0,2.0,135.0,16500000,2026-04-27 14:55:02+00:00,flats-apartments-for-sale/nairobi,sale,3980880,apartment,False
https://www.buyrentkenya.com/listings/2-bedroom-apartment-for-sale-kileleshwa-3980892,"2 Bed Apartment at Githunguri Road for KSh 9,500,000 | BuyRentKenya",Kileleshwa,Kileleshwa,2.0,2.0,103.0,9500000,2026-04-27 14:55:00+00:00,flats-apartments-for-sale/nairobi,sale,3980892,apartment,False
https://www.buyrentkenya.com/listings/1-bedroom-apartment-for-sale-kileleshwa-3980890,"1 Bed Apartment at Githunguri Road for KSh 6,500,000 | BuyRentKenya",Kileleshwa,Kileleshwa,1.0,1.0,70.0,6500000,2026-04-27 14:52:42+00:00,flats-apartments-for-sale/nairobi,sale,3980890,apartment,False
https://www.buyrentkenya.com/listings/4-bedroom-apartment-for-sale-westlands-area-3980862,"4 Bed Apartment at Sport Road for KSh 30,000,000 | BuyRentKenya",Westlands Area,Westlands,4.0,4.0,200.0,30000000,2026-04-27 14:52:30+00:00,flats-apartments-for-sale/nairobi,sale,3980862,apartment,False
https://www.buyrentkenya.com/listings/2-bedroom-apartment-for-sale-westlands-area-3980891,"2 Bed Apartment in Westlands Area for KSh 7,000,000 | BuyRentKenya",Westlands Area,Westlands,2.0,2.0,62.0,7000000,2026-04-27 14:52:22+00:00,flats-apartments-for-sale/nairobi,sale,3980891,apartment,False
https://www.buyrentkenya.com/listings/1-bedroom-apartment-for-sale-westlands-area-3980876,"1 Bed Apartment in Westlands Area for KSh 4,000,000 | BuyRentKenya",Westlands Area,Westlands,1.0,1.0,,4000000,2026-04-27 14:50:35+00:00,flats-apartments-for-sale/nairobi,sale,3980876,apartment,False
https://www.buyrentkenya.com/listings/2-bedroom-apartment-for-sale-westlands-area-3980888,"2 Bed Apartment at Raphta Road for KSh 12,100,000 | BuyRentKenya",Westlands Area,Westlands,2.0,2.0,90.0,12100000,2026-04-27 14:49:37+00:00,flats-apartments-for-sale/nairobi,sale,3980888,apartment,False
https://www.buyrentkenya.com/listings/1-bedroom-apartment-for-sale-westlands-area-3980881,"1 Bed Apartment at Raphta Road for KSh 7,960,000 | BuyRentKenya",Westlands Area,Westlands,1.0,1.0,59.0,7960000,2026-04-27 14:46:44+00:00,flats-apartments-for-sale/nairobi,sale,3980881,apartment,False
https://www.buyrentkenya.com/listings/1-bedroom-apartment-for-sale-kileleshwa-3980877,"1 Bed Apartment at Gatundu Road for KSh 7,620,000 | BuyRentKenya",Kileleshwa,Kileleshwa,1.0,1.0,57.0,7620000,2026-04-27 14:44:13+00:00,flats-apartments-for-sale/nairobi,sale,3980877,apartment,False
https://www.buyrentkenya.com/listings/2-bedroom-apartment-for-sale-westlands-area-3980874,"2 Bed Apartment at Church Road for KSh 10,700,000 | BuyRentKenya",Westlands Area,Westlands,2.0,2.0,110.0,10700000,2026-04-27 14:40:36+00:00,flats-apartments-for-sale/nairobi,sale,3980874,apartment,False
https://www.buyrentkenya.com/listings/1-bedroom-apartment-for-sale-westlands-area-3980872,"1 Bed Apartment at Raphta Road for KSh 7,590,000 | BuyRentKenya",Westlands Area,Westlands,1.0,1.0,69.0,7590000,2026-04-27 14:37:42+00:00,flats-apartments-for-sale/nairobi,sale,3980872,apartment,False
https://www.buyrentkenya.com/listings/1-bedroom-apartment-for-sale-kilimani-3980869,"1 Bed Apartment in Kilimani for KSh 3,000,000 | BuyRentKenya",Kilimani,Kilimani,1.0,1.0,,3000000,2026-04-27 14:34:43+00:00,flats-apartments-for-sale/nairobi,sale,3980869,apartment,False
https://www.buyrentkenya.com/listings/1-bedroom-apartment-for-sale-kilimani-3980870,"1 Bed Apartment in Kilimani for KSh 3,000,000 | BuyRentKenya",Kilimani,Kilimani,1.0,1.0,,3000000,2026-04-27 14:34:40+00:00,flats-apartments-for-sale/nairobi,sale,3980870,apartment,False
https://www.buyrentkenya.com/listings/1-bedroom-apartment-for-sale-kilimani-3980868,"1 Bed Apartment at Kirichwa Road for KSh 7,370,000 | BuyRentKenya",Kilimani,Kilimani,1.0,1.0,67.0,7370000,2026-04-27 14:34:33+00:00,flats-apartments-for-sale/nairobi,sale,3980868,apartment,False
https://www.buyrentkenya.com/listings/1-bedroom-apartment-for-sale-westlands-area-3980867,"1 Bed Apartment in Westlands Area for KSh 4,000,000 | BuyRentKenya",Westlands Area,Westlands,1.0,1.0,,4000000,2026-04-27 14:34:30+00:00,flats-apartments-for-sale/nairobi,sale,3980867,apartment,False
https://www.buyrentkenya.com/listings/2-bedroom-apartment-for-sale-lavington-3975264,"2 Bed Apartment in Lavington for KSh 6,000,000 | BuyRentKenya",Lavington,Lavington,2.0,2.0,,6000000,2026-04-27 11:50:46+00:00,flats-apartments-for-sale/nairobi,sale,3975264,apartment,False
https://www.buyrentkenya.com/listings/4-bedroom-apartment-for-sale-kilimani-3980633,"4 Bed Apartment in Kilimani for KSh 13,000,000 | BuyRentKenya",Kilimani,Kilimani,4.0,4.0,110.0,13000000,2026-04-27 11:58:46+00:00,flats-apartments-for-sale/nairobi,sale,3980633,apartment,False
https://www.buyrentkenya.com/listings/4-bedroom-apartment-for-sale-westlands-area-3972209,"4 Bed Apartment in Westlands Area for KSh 20,000,000 | BuyRentKenya",Westlands Area,Westlands,4.0,4.0,,20000000,2026-04-23 18:24:50+00:00,flats-apartments-for-sale/nairobi,sale,3972209,apartment,False
https://www.buyrentkenya.com/listings/3-bedroom-apartment-for-sale-kileleshwa-3980843,"3 Bed Apartment at Githunguri Road for KSh 11,500,000 | BuyRentKenya",Kileleshwa,Kileleshwa,3.0,3.0,120.0,11500000,2026-04-27 14:32:31+00:00,flats-apartments-for-sale/nairobi,sale,3980843,apartment,False
https://www.buyrentkenya.com/listings/1-bedroom-apartment-for-sale-kilimani-3980866,"1 Bed Apartment at Kirichwa Road for KSh 7,260,000 | BuyRentKenya",Kilimani,Kilimani,1.0,1.0,66.0,7260000,2026-04-27 14:31:52+00:00,flats-apartments-for-sale/nairobi,sale,3980866,apartment,False
https://www.buyrentkenya.com/listings/1-bedroom-apartment-for-sale-kilimani-3980850,"1 Bed Apartment in Kilimani for KSh 6,800,000 | BuyRentKenya",Kilimani,Kilimani,1.0,1.0,68.0,6800000,2026-04-27 14:29:57+00:00,flats-apartments-for-sale/nairobi,sale,3980850,apartment,False
https://www.buyrentkenya.com/listings/1-bedroom-apartment-for-sale-kilimani-3980863,"1 Bed Apartment at Kirichwa Road for KSh 6,820,000 | BuyRentKenya",Kilimani,Kilimani,1.0,1.0,70.0,6820000,2026-04-27 14:29:34+00:00,flats-apartments-for-sale/nairobi,sale,3980863,apartment,False
https://www.buyrentkenya.com/listings/1-bedroom-apartment-for-sale-westlands-area-3980860,"1 Bed Apartment at Church Road for KSh 6,700,000 | BuyRentKenya",Westlands Area,Westlands,1.0,1.0,62.0,6700000,2026-04-27 14:26:49+00:00,flats-apartments-for-sale/nairobi,sale,3980860,apartment,False
https://www.buyrentkenya.com/listings/3-bedroom-apartment-for-sale-westlands-area-3980859,"3 Bed Apartment in Westlands Area for KSh 12,000,000 | BuyRentKenya",Westlands Area,Westlands,3.0,3.0,79.0,12000000,2026-04-27 14:25:23+00:00,flats-apartments-for-sale/nairobi,sale,3980859,apartment,False
https://www.buyrentkenya.com/listings/2-bedroom-apartment-for-sale-westlands-area-3980857,"2 Bed Apartment in Westlands Area for KSh 7,000,000 | BuyRentKenya",Westlands Area,Westlands,2.0,2.0,69.0,7000000,2026-04-27 14:24:18+00:00,flats-apartments-for-sale/nairobi,sale,3980857,apartment,False
https://www.buyrentkenya.com/listings/2-bedroom-apartment-for-sale-westlands-area-3980858,"2 Bed Apartment in Westlands Area for KSh 7,000,000 | BuyRentKenya",Westlands Area,Westlands,2.0,2.0,69.0,7000000,2026-04-27 14:24:17+00:00,flats-apartments-for-sale/nairobi,sale,3980858,apartment,False
https://www.buyrentkenya.com/listings/3-bedroom-apartment-for-sale-westlands-area-3980856,"3 Bed Apartment at Sports Road for KSh 22,550,000 | BuyRentKenya",Westlands Area,Westlands,3.0,3.0,198.0,22550000,2026-04-27 14:24:02+00:00,flats-apartments-for-sale/nairobi,sale,3980856,apartment,False
https://www.buyrentkenya.com/listings/2-bedroom-apartment-for-sale-westlands-area-3980851,"2 Bed Apartment in Westlands Area for KSh 13,200,000 | BuyRentKenya",Westlands Area,Westlands,2.0,2.0,110.0,13200000,2026-04-27 14:22:56+00:00,flats-apartments-for-sale/nairobi,sale,3980851,apartment,False
https://www.buyrentkenya.com/listings/1-bedroom-apartment-for-sale-westlands-area-3980855,"1 Bed Apartment in Westlands Area for KSh 4,000,000 | BuyRentKenya",Westlands Area,Westlands,1.0,1.0,,4000000,2026-04-27 14:22:09+00:00,flats-apartments-for-sale/nairobi,sale,3980855,apartment,False
https://www.buyrentkenya.com/listings/1-bedroom-apartment-for-sale-westlands-area-3980854,"1 Bed Apartment in Westlands Area for KSh 4,000,000 | BuyRentKenya",Westlands Area,Westlands,1.0,1.0,,4000000,2026-04-27 14:22:07+00:00,flats-apartments-for-sale/nairobi,sale,3980854,apartment,False
https://www.buyrentkenya.com/listings/2-bedroom-apartment-for-sale-westlands-area-3980853,"2 Bed Apartment at Sports Road for KSh 15,150,000 | BuyRentKenya",Westlands Area,Westlands,2.0,2.0,135.0,15150000,2026-04-27 14:21:32+00:00,flats-apartments-for-sale/nairobi,sale,3980853,apartment,False
https://www.buyrentkenya.com/listings/2-bedroom-apartment-for-sale-westlands-area-3980849,"2 Bed Apartment at Sports Road for KSh 14,450,000 | BuyRentKenya",Westlands Area,Westlands,2.0,2.0,130.0,14450000,2026-04-27 14:19:06+00:00,flats-apartments-for-sale/nairobi,sale,3980849,apartment,False
https://www.buyrentkenya.com/listings/3-bedroom-apartment-for-sale-kilimani-3980842,"3 Bed Apartment in Kilimani for KSh 9,000,000 | BuyRentKenya",Kilimani,Kilimani,3.0,3.0,94.0,9000000,2026-04-27 14:18:41+00:00,flats-apartments-for-sale/nairobi,sale,3980842,apartment,False
https://www.buyrentkenya.com/listings/1-bedroom-apartment-for-sale-westlands-area-3980847,"1 Bed Apartment in Westlands Area for KSh 6,100,000 | BuyRentKenya",Westlands Area,Westlands,1.0,1.0,41.0,6100000,2026-04-27 14:18:20+00:00,flats-apartments-for-sale/nairobi,sale,3980847,apartment,False
https://www.buyrentkenya.com/listings/1-bedroom-apartment-for-sale-westlands-area-3980846,"1 Bed Apartment at Sports Road for KSh 9,000,000 | BuyRentKenya",Westlands Area,Westlands,1.0,1.0,67.0,9000000,2026-04-27 14:16:19+00:00,flats-apartments-for-sale/nairobi,sale,3980846,apartment,False
https://www.buyrentkenya.com/listings/1-bedroom-apartment-for-sale-westlands-area-3980844,"1 Bed Apartment at Sports Road for KSh 9,200,000 | BuyRentKenya",Westlands Area,Westlands,1.0,1.0,70.0,9200000,2026-04-27 14:13:20+00:00,flats-apartments-for-sale/nairobi,sale,3980844,apartment,False
https://www.buyrentkenya.com/listings/2-bedroom-apartment-for-sale-kileleshwa-3980833,"2 Bed Apartment at Githunguri Road for KSh 9,500,000 | BuyRentKenya",Kileleshwa,Kileleshwa,2.0,2.0,103.0,9500000,2026-04-27 14:10:32+00:00,flats-apartments-for-sale/nairobi,sale,3980833,apartment,False
https://www.buyrentkenya.com/listings/2-bedroom-apartment-for-sale-westlands-area-3980816,"2 Bed Apartment at Westlands for KSh 10,100,000 | BuyRentKenya",Westlands Area,Westlands,2.0,2.0,92.0,10100000,2026-04-27 14:09:48+00:00,flats-apartments-for-sale/nairobi,sale,3980816,apartment,False
https://www.buyrentkenya.com/listings/2-bedroom-apartment-for-sale-kilimani-3980840,"2 Bed Apartment in Kilimani for KSh 6,000,000 | BuyRentKenya",Kilimani,Kilimani,2.0,2.0,53.0,6000000,2026-04-27 14:09:40+00:00,flats-apartments-for-sale/nairobi,sale,3980840,apartment,False
https://www.buyrentkenya.com/listings/4-bedroom-apartment-for-sale-lavington-3973785,"4 Bed Apartment in Lavington for KSh 13,500,000 | BuyRentKenya",Lavington,Lavington,4.0,4.0,109.0,13500000,2026-04-23 18:22:35+00:00,flats-apartments-for-sale/nairobi,sale,3973785,apartment,False
https://www.buyrentkenya.com/listings/3-bedroom-apartment-for-sale-kileleshwa-3973778,"3 Bed Apartment in Kileleshwa for KSh 10,000,000 | BuyRentKenya",Kileleshwa,Kileleshwa,3.0,2.0,103.0,10000000,2026-04-23 18:19:34+00:00,flats-apartments-for-sale/nairobi,sale,3973778,apartment,False
https://www.buyrentkenya.com/listings/2-bedroom-apartment-for-sale-kileleshwa-3974857,"2 Bed Apartment in Kileleshwa for KSh 6,000,000 | BuyRentKenya",Kileleshwa,Kileleshwa,2.0,1.0,64.0,6000000,2026-04-23 18:18:43+00:00,flats-apartments-for-sale/nairobi,sale,3974857,apartment,False
https://www.buyrentkenya.com/listings/2-bedroom-apartment-for-sale-kilimani-3980841,"2 Bed Apartment in Kilimani for KSh 6,000,000 | BuyRentKenya",Kilimani,Kilimani,2.0,2.0,53.0,6000000,2026-04-27 14:09:38+00:00,flats-apartments-for-sale/nairobi,sale,3980841,apartment,False
https://www.buyrentkenya.com/listings/1-bedroom-apartment-for-sale-kilimani-3980838,"1 Bed Apartment in Kilimani for KSh 4,000,000 | BuyRentKenya",Kilimani,Kilimani,1.0,1.0,,4000000,2026-04-27 14:09:30+00:00,flats-apartments-for-sale/nairobi,sale,3980838,apartment,False
https://www.buyrentkenya.com/listings/2-bedroom-apartment-for-sale-westlands-area-3980814,"2 Bed Apartment at Ojijo Road for KSh 15,500,000 | BuyRentKenya",Westlands Area,Westlands,2.0,2.0,134.0,15500000,2026-04-27 14:08:08+00:00,flats-apartments-for-sale/nairobi,sale,3980814,apartment,False
https://www.buyrentkenya.com/listings/1-bedroom-apartment-for-sale-westlands-area-3980834,"1 Bed Apartment in Westlands Area for KSh 4,000,000 | BuyRentKenya",Westlands Area,Westlands,1.0,1.0,,4000000,2026-04-27 14:06:32+00:00,flats-apartments-for-sale/nairobi,sale,3980834,apartment,False
https://www.buyrentkenya.com/listings/1-bedroom-apartment-for-sale-westlands-area-3980832,"1 Bed Apartment in Westlands Area for KSh 4,000,000 | BuyRentKenya",Westlands Area,Westlands,1.0,1.0,,4000000,2026-04-27 14:06:30+00:00,flats-apartments-for-sale/nairobi,sale,3980832,apartment,False
https://www.buyrentkenya.com/listings/2-bedroom-apartment-for-sale-westlands-area-3980831,"2 Bed Apartment in Westlands Area for KSh 7,000,000 | BuyRentKenya",Westlands Area,Westlands,2.0,2.0,60.0,7000000,2026-04-27 14:06:18+00:00,flats-apartments-for-sale/nairobi,sale,3980831,apartment,False
https://www.buyrentkenya.com/listings/2-bedroom-apartment-for-sale-westlands-area-3980830,"2 Bed Apartment in Westlands Area for KSh 7,000,000 | BuyRentKenya",Westlands Area,Westlands,2.0,2.0,48.0,7000000,2026-04-27 14:06:16+00:00,flats-apartments-for-sale/nairobi,sale,3980830,apartment,False
https://www.buyrentkenya.com/listings/1-bedroom-apartment-for-sale-kileleshwa-3980827,"1 Bed Apartment at Kileleshwa for KSh 5,110,000 | BuyRentKenya",Kileleshwa,Kileleshwa,1.0,1.0,48.0,5110000,2026-04-27 14:05:21+00:00,flats-apartments-for-sale/nairobi,sale,3980827,apartment,False
https://www.buyrentkenya.com/listings/2-bedroom-apartment-for-sale-kileleshwa-3980829,"2 Bed Apartment in Kileleshwa for KSh 6,000,000 | BuyRentKenya",Kileleshwa,Kileleshwa,2.0,2.0,70.0,6000000,2026-04-27 14:05:20+00:00,flats-apartments-for-sale/nairobi,sale,3980829,apartment,False
https://www.buyrentkenya.com/listings/1-bedroom-apartment-for-sale-kileleshwa-3980824,"1 Bed Apartment at Githunguri Road for KSh 6,500,000 | BuyRentKenya",Kileleshwa,Kileleshwa,1.0,1.0,70.0,6500000,2026-04-27 14:04:47+00:00,flats-apartments-for-sale/nairobi,sale,3980824,apartment,False
https://www.buyrentkenya.com/listings/3-bedroom-apartment-for-sale-westlands-area-3980828,"3 Bed Apartment in Westlands Area for KSh 12,000,000 | BuyRentKenya",Westlands Area,Westlands,3.0,3.0,,12000000,2026-04-27 14:03:05+00:00,flats-apartments-for-sale/nairobi,sale,3980828,apartment,False
https://www.buyrentkenya.com/listings/3-bedroom-apartment-for-sale-westlands-area-3980826,"3 Bed Apartment in Westlands Area for KSh 12,000,000 | BuyRentKenya",Westlands Area,Westlands,3.0,3.0,,12000000,2026-04-27 14:03:03+00:00,flats-apartments-for-sale/nairobi,sale,3980826,apartment,False
https://www.buyrentkenya.com/listings/3-bedroom-apartment-for-sale-kilimani-3980822,"3 Bed Apartment at Kirichwa Road for KSh 23,000,000 | BuyRentKenya",Kilimani,Kilimani,3.0,3.0,55.0,23000000,2026-04-27 14:02:54+00:00,flats-apartments-for-sale/nairobi,sale,3980822,apartment,False
https://www.buyrentkenya.com/listings/2-bedroom-apartment-for-sale-westlands-area-3980823,"2 Bed Apartment at Riverside Drive for KSh 18,000,000 | BuyRentKenya",Westlands Area,Westlands,2.0,2.0,124.0,18000000,2026-04-27 14:00:54+00:00,flats-apartments-for-sale/nairobi,sale,3980823,apartment,False
https://www.buyrentkenya.com/listings/3-bedroom-apartment-for-sale-westlands-area-3980811,"3 Bed Apartment in Westlands Area for KSh 21,000,000 | BuyRentKenya",Westlands Area,Westlands,3.0,2.0,150.0,21000000,2026-04-27 14:00:19+00:00,flats-apartments-for-sale/nairobi,sale,3980811,apartment,False
https://www.buyrentkenya.com/listings/2-bedroom-apartment-for-sale-lavington-3980255,"2 Bed Apartment in Lavington for KSh 9,000,000 | BuyRentKenya",Lavington,Lavington,2.0,2.0,,9000000,2026-04-27 14:00:01+00:00,flats-apartments-for-sale/nairobi,sale,3980255,apartment,False
https://www.buyrentkenya.com/listings/2-bedroom-apartment-for-sale-kilimani-3980819,"2 Bed Apartment at Kirichwa Road for KSh 16,300,000 | BuyRentKenya",Kilimani,Kilimani,2.0,2.0,29.0,16300000,2026-04-27 13:59:29+00:00,flats-apartments-for-sale/nairobi,sale,3980819,apartment,False
https://www.buyrentkenya.com/listings/2-bedroom-apartment-for-sale-westlands-area-3980818,"2 Bed Apartment at Riverside Drive for KSh 14,000,000 | BuyRentKenya",Westlands Area,Westlands,2.0,2.0,110.0,14000000,2026-04-27 13:58:04+00:00,flats-apartments-for-sale/nairobi,sale,3980818,apartment,False
https://www.buyrentkenya.com/listings/4-bedroom-apartment-for-sale-kilimani-3980820,"4 Bed Apartment in Kilimani for KSh 13,000,000 | BuyRentKenya",Kilimani,Kilimani,4.0,4.0,153.0,13000000,2026-04-27 13:58:02+00:00,flats-apartments-for-sale/nairobi,sale,3980820,apartment,False
https://www.buyrentkenya.com/listings/3-bedroom-apartment-for-sale-kilimani-3980815,"3 Bed Apartment in Kilimani for KSh 9,000,000 | BuyRentKenya",Kilimani,Kilimani,3.0,3.0,88.0,9000000,2026-04-27 13:57:52+00:00,flats-apartments-for-sale/nairobi,sale,3980815,apartment,False
https://www.buyrentkenya.com/listings/5-bedroom-apartment-for-sale-kilimani-3980813,"5 Bed Apartment at Ndemi Road for KSh 62,500,000 | BuyRentKenya",Kilimani,Kilimani,5.0,6.0,446.0,62500000,2026-04-27 13:57:36+00:00,flats-apartments-for-sale/nairobi,sale,3980813,apartment,False
https://www.buyrentkenya.com/listings/2-bedroom-apartment-for-sale-riverside-3980323,"2 Bed Apartment in Riverside for KSh 20,000,000 | BuyRentKenya",Riverside,Westlands,2.0,3.0,141.0,20000000,2026-04-27 13:56:10+00:00,flats-apartments-for-sale/nairobi,sale,3980323,apartment,False
https://www.buyrentkenya.com/listings/4-bedroom-apartment-for-sale-kilimani-3973782,"4 Bed Apartment in Kilimani for KSh 13,500,000 | BuyRentKenya",Kilimani,Kilimani,4.0,4.0,153.0,13500000,2026-04-23 18:25:45+00:00,flats-apartments-for-sale/nairobi,sale,3973782,apartment,False
https://www.buyrentkenya.com/listings/3-bedroom-apartment-for-sale-kilimani-3974862,"3 Bed Apartment in Kilimani for KSh 10,000,000 | BuyRentKenya",Kilimani,Kilimani,3.0,2.0,108.0,10000000,2026-04-23 18:17:40+00:00,flats-apartments-for-sale/nairobi,sale,3974862,apartment,False
https://www.buyrentkenya.com/listings/3-bedroom-apartment-for-sale-westlands-area-3973780,"3 Bed Apartment in Westlands Area for KSh 13,000,000 | BuyRentKenya",Westlands Area,Westlands,3.0,2.0,110.0,13000000,2026-04-23 18:23:57+00:00,flats-apartments-for-sale/nairobi,sale,3973780,apartment,False
https://www.buyrentkenya.com/listings/2-bedroom-apartment-for-sale-lavington-3980274,"2 Bed Apartment in Lavington for KSh 8,500,000 | BuyRentKenya",Lavington,Lavington,2.0,3.0,85.0,8500000,2026-04-27 13:56:07+00:00,flats-apartments-for-sale/nairobi,sale,3980274,apartment,False
https://www.buyrentkenya.com/listings/1-bedroom-apartment-for-sale-lavington-3980254,"1 Bed Apartment in Lavington for KSh 5,000,000 | BuyRentKenya",Lavington,Lavington,1.0,2.0,50.0,5000000,2026-04-27 13:56:01+00:00,flats-apartments-for-sale/nairobi,sale,3980254,apartment,False
https://www.buyrentkenya.com/listings/4-bedroom-apartment-for-sale-kilimani-3980807,"4 Bed Apartment at Ndemi Road for KSh 26,300,000 | BuyRentKenya",Kilimani,Kilimani,4.0,5.0,230.0,26300000,2026-04-27 13:55:55+00:00,flats-apartments-for-sale/nairobi,sale,3980807,apartment,False
https://www.buyrentkenya.com/listings/2-bedroom-apartment-for-sale-kilimani-3980740,"2 Bed Apartment in Kilimani for KSh 10,500,000 | BuyRentKenya",Kilimani,Kilimani,2.0,3.0,115.0,10500000,2026-04-27 13:55:55+00:00,flats-apartments-for-sale/nairobi,sale,3980740,apartment,False
https://www.buyrentkenya.com/listings/1-bedroom-apartment-for-sale-kilimani-3979951,"1 Bed Apartment in Kilimani for KSh 6,000,000 | BuyRentKenya",Kilimani,Kilimani,1.0,2.0,53.0,6000000,2026-04-27 13:55:52+00:00,flats-apartments-for-sale/nairobi,sale,3979951,apartment,False
https://www.buyrentkenya.com/listings/2-bedroom-apartment-for-sale-kileleshwa-3979978,"2 Bed Apartment in Kileleshwa for KSh 10,200,000 | BuyRentKenya",Kileleshwa,Kileleshwa,2.0,3.0,110.0,10200000,2026-04-27 13:55:48+00:00,flats-apartments-for-sale/nairobi,sale,3979978,apartment,False
https://www.buyrentkenya.com/listings/2-bedroom-apartment-for-sale-kileleshwa-3979988,"2 Bed Apartment in Kileleshwa for KSh 8,300,000 | BuyRentKenya",Kileleshwa,Kileleshwa,2.0,3.0,90.0,8300000,2026-04-27 13:55:45+00:00,flats-apartments-for-sale/nairobi,sale,3979988,apartment,False
https://www.buyrentkenya.com/listings/1-bedroom-apartment-for-sale-westlands-area-3980218,"1 Bed Apartment in Westlands Area for KSh 7,000,000 | BuyRentKenya",Westlands Area,Westlands,1.0,2.0,56.0,7000000,2026-04-27 13:55:38+00:00,flats-apartments-for-sale/nairobi,sale,3980218,apartment,False
https://www.buyrentkenya.com/listings/1-bedroom-apartment-for-sale-westlands-area-3980810,"1 Bed Apartment at Riverside Drive for KSh 11,500,000 | BuyRentKenya",Westlands Area,Westlands,1.0,1.0,79.0,11500000,2026-04-27 13:55:32+00:00,flats-apartments-for-sale/nairobi,sale,3980810,apartment,False
https://www.buyrentkenya.com/listings/4-bedroom-apartment-for-sale-kileleshwa-3980802,"4 Bed Apartment in Kileleshwa for KSh 20,000,000 | BuyRentKenya",Kileleshwa,Kileleshwa,4.0,5.0,,20000000,2026-04-27 13:55:24+00:00,flats-apartments-for-sale/nairobi,sale,3980802,apartment,False
https://www.buyrentkenya.com/listings/4-bedroom-apartment-for-sale-kileleshwa-3980801,"4 Bed Apartment in Kileleshwa for KSh 13,000,000 | BuyRentKenya",Kileleshwa,Kileleshwa,4.0,5.0,108.0,13000000,2026-04-27 13:55:21+00:00,flats-apartments-for-sale/nairobi,sale,3980801,apartment,False
https://www.buyrentkenya.com/listings/3-bedroom-apartment-for-sale-kileleshwa-3980794,"3 Bed Apartment in Kileleshwa for KSh 9,000,000 | BuyRentKenya",Kileleshwa,Kileleshwa,3.0,3.0,103.0,9000000,2026-04-27 13:55:19+00:00,flats-apartments-for-sale/nairobi,sale,3980794,apartment,False
https://www.buyrentkenya.com/listings/3-bedroom-apartment-for-sale-kileleshwa-3980795,"3 Bed Apartment in Kileleshwa for KSh 9,000,000 | BuyRentKenya",Kileleshwa,Kileleshwa,3.0,3.0,103.0,9000000,2026-04-27 13:55:17+00:00,flats-apartments-for-sale/nairobi,sale,3980795,apartment,False
https://www.buyrentkenya.com/listings/2-bedroom-apartment-for-sale-kileleshwa-3980792,"2 Bed Apartment in Kileleshwa for KSh 6,000,000 | BuyRentKenya",Kileleshwa,Kileleshwa,2.0,2.0,,6000000,2026-04-27 13:55:14+00:00,flats-apartments-for-sale/nairobi,sale,3980792,apartment,False
https://www.buyrentkenya.com/listings/2-bedroom-apartment-for-sale-kileleshwa-3980790,"2 Bed Apartment in Kileleshwa for KSh 6,000,000 | BuyRentKenya",Kileleshwa,Kileleshwa,2.0,2.0,60.0,6000000,2026-04-27 13:55:12+00:00,flats-apartments-for-sale/nairobi,sale,3980790,apartment,False
https://www.buyrentkenya.com/listings/1-bedroom-apartment-for-sale-kileleshwa-3980786,"1 Bed Apartment in Kileleshwa for KSh 3,000,000 | BuyRentKenya",Kileleshwa,Kileleshwa,1.0,1.0,,3000000,2026-04-27 13:55:09+00:00,flats-apartments-for-sale/nairobi,sale,3980786,apartment,False
https://www.buyrentkenya.com/listings/1-bedroom-apartment-for-sale-kileleshwa-3980787,"1 Bed Apartment in Kileleshwa for KSh 3,000,000 | BuyRentKenya",Kileleshwa,Kileleshwa,1.0,1.0,,3000000,2026-04-27 13:55:07+00:00,flats-apartments-for-sale/nairobi,sale,3980787,apartment,False
https://www.buyrentkenya.com/listings/4-bedroom-apartment-for-sale-lavington-3980783,"4 Bed Apartment in Lavington for KSh 20,000,000 | BuyRentKenya",Lavington,Lavington,4.0,5.0,184.0,20000000,2026-04-27 13:55:05+00:00,flats-apartments-for-sale/nairobi,sale,3980783,apartment,False
https://www.buyrentkenya.com/listings/4-bedroom-apartment-for-sale-lavington-3980784,"4 Bed Apartment in Lavington for KSh 13,000,000 | BuyRentKenya",Lavington,Lavington,4.0,5.0,110.0,13000000,2026-04-27 13:55:02+00:00,flats-apartments-for-sale/nairobi,sale,3980784,apartment,False
https://www.buyrentkenya.com/listings/3-bedroom-apartment-for-sale-lavington-3980778,"3 Bed Apartment in Lavington for KSh 9,000,000 | BuyRentKenya",Lavington,Lavington,3.0,3.0,,9000000,2026-04-27 13:54:59+00:00,flats-apartments-for-sale/nairobi,sale,3980778,apartment,False
https://www.buyrentkenya.com/listings/2-bedroom-apartment-for-sale-westlands-area-3980812,"2 Bed Apartment in Westlands Area for KSh 7,000,000 | BuyRentKenya",Westlands Area,Westlands,2.0,2.0,,7000000,2026-04-27 13:54:58+00:00,flats-apartments-for-sale/nairobi,sale,3980812,apartment,False
https://www.buyrentkenya.com/listings/3-bedroom-apartment-for-sale-lavington-3980779,"3 Bed Apartment in Lavington for KSh 9,000,000 | BuyRentKenya",Lavington,Lavington,3.0,3.0,,9000000,2026-04-27 13:54:54+00:00,flats-apartments-for-sale/nairobi,sale,3980779,apartment,False
https://www.buyrentkenya.com/listings/2-bedroom-apartment-for-sale-kilimani-3976757,"2 Bed Apartment in Kilimani for KSh 6,000,000 | BuyRentKenya",Kilimani,Kilimani,2.0,1.0,,6000000,2026-04-23 18:16:50+00:00,flats-apartments-for-sale/nairobi,sale,3976757,apartment,False
https://www.buyrentkenya.com/listings/2-bedroom-apartment-for-sale-kilimani-3978852,"2 Bed Apartment in Kilimani for KSh 12,000,000 | BuyRentKenya",Kilimani,Kilimani,2.0,2.0,110.0,12000000,2026-04-24 01:12:16+00:00,flats-apartments-for-sale/nairobi,sale,3978852,apartment,False
https://www.buyrentkenya.com/listings/2-bedroom-apartment-for-sale-kilimani-3978910,"2 Bed Apartment in Kilimani for KSh 6,000,000 | BuyRentKenya",Kilimani,Kilimani,2.0,2.0,53.0,6000000,2026-04-24 11:10:10+00:00,flats-apartments-for-sale/nairobi,sale,3978910,apartment,False
https://www.buyrentkenya.com/listings/2-bedroom-apartment-for-sale-westlands-area-3980808,"2 Bed Apartment in Westlands Area for KSh 7,000,000 | BuyRentKenya",Westlands Area,Westlands,2.0,2.0,56.0,7000000,2026-04-27 13:54:53+00:00,flats-apartments-for-sale/nairobi,sale,3980808,apartment,False
https://www.buyrentkenya.com/listings/2-bedroom-apartment-for-sale-westlands-area-3980809,"2 Bed Apartment in Westlands Area for KSh 7,000,000 | BuyRentKenya",Westlands Area,Westlands,2.0,2.0,,7000000,2026-04-27 13:54:51+00:00,flats-apartments-for-sale/nairobi,sale,3980809,apartment,False
https://www.buyrentkenya.com/listings/3-bedroom-apartment-for-sale-kilimani-3980803,"3 Bed Apartment at Ndemi Road for KSh 22,500,000 | BuyRentKenya",Kilimani,Kilimani,3.0,4.0,201.0,22500000,2026-04-27 13:54:06+00:00,flats-apartments-for-sale/nairobi,sale,3980803,apartment,False
https://www.buyrentkenya.com/listings/2-bedroom-apartment-for-sale-westlands-area-3980800,"2 Bed Apartment in Westlands Area for KSh 13,680,000 | BuyRentKenya",Westlands Area,Westlands,2.0,2.0,102.0,13680000,2026-04-27 13:53:10+00:00,flats-apartments-for-sale/nairobi,sale,3980800,apartment,False
https://www.buyrentkenya.com/listings/1-bedroom-apartment-for-sale-westlands-area-3980806,"1 Bed Apartment at Riverside Drive for KSh 8,300,000 | BuyRentKenya",Westlands Area,Westlands,1.0,1.0,62.0,8300000,2026-04-27 13:53:10+00:00,flats-apartments-for-sale/nairobi,sale,3980806,apartment,False
https://www.buyrentkenya.com/listings/2-bedroom-apartment-for-sale-lavington-3980773,"2 Bed Apartment in Lavington for KSh 6,000,000 | BuyRentKenya",Lavington,Lavington,2.0,2.0,68.0,6000000,2026-04-27 13:52:26+00:00,flats-apartments-for-sale/nairobi,sale,3980773,apartment,False
https://www.buyrentkenya.com/listings/1-bedroom-apartment-for-sale-lavington-3980770,"1 Bed Apartment in Lavington for KSh 3,000,000 | BuyRentKenya",Lavington,Lavington,1.0,1.0,,3000000,2026-04-27 13:52:20+00:00,flats-apartments-for-sale/nairobi,sale,3980770,apartment,False
https://www.buyrentkenya.com/listings/2-bedroom-apartment-for-sale-westlands-area-3980798,"2 Bed Apartment at Mogotio Road for KSh 11,700,000 | BuyRentKenya",Westlands Area,Westlands,2.0,2.0,77.0,11700000,2026-04-27 13:51:58+00:00,flats-apartments-for-sale/nairobi,sale,3980798,apartment,False
https://www.buyrentkenya.com/listings/3-bedroom-apartment-for-sale-westlands-area-3980799,"3 Bed Apartment at Jaralam Rd for KSh 19,500,000 | BuyRentKenya",Westlands Area,Westlands,3.0,3.0,152.0,19500000,2026-04-27 13:49:04+00:00,flats-apartments-for-sale/nairobi,sale,3980799,apartment,False
https://www.buyrentkenya.com/listings/2-bedroom-apartment-for-sale-westlands-area-3980793,"2 Bed Apartment at Church Road for KSh 10,500,000 | BuyRentKenya",Westlands Area,Westlands,2.0,2.0,95.0,10500000,2026-04-27 13:48:55+00:00,flats-apartments-for-sale/nairobi,sale,3980793,apartment,False
https://www.buyrentkenya.com/listings/1-bedroom-apartment-for-sale-westlands-area-3980797,"1 Bed Apartment in Westlands Area for KSh 4,000,000 | BuyRentKenya",Westlands Area,Westlands,1.0,1.0,,4000000,2026-04-27 13:47:46+00:00,flats-apartments-for-sale/nairobi,sale,3980797,apartment,False
https://www.buyrentkenya.com/listings/1-bedroom-apartment-for-sale-westlands-area-3980796,"1 Bed Apartment in Westlands Area for KSh 4,000,000 | BuyRentKenya",Westlands Area,Westlands,1.0,1.0,,4000000,2026-04-27 13:47:44+00:00,flats-apartments-for-sale/nairobi,sale,3980796,apartment,False
https://www.buyrentkenya.com/listings/1-bedroom-apartment-for-sale-westlands-area-3980789,"1 Bed Apartment at Mogotio Road for KSh 7,200,000 | BuyRentKenya",Westlands Area,Westlands,1.0,1.0,,7200000,2026-04-27 13:47:18+00:00,flats-apartments-for-sale/nairobi,sale,3980789,apartment,False
https://www.buyrentkenya.com/listings/1-bedroom-apartment-for-sale-westlands-area-3980791,"1 Bed Apartment at Church Road for KSh 8,500,000 | BuyRentKenya",Westlands Area,Westlands,1.0,1.0,75.0,8500000,2026-04-27 13:44:56+00:00,flats-apartments-for-sale/nairobi,sale,3980791,apartment,False
https://www.buyrentkenya.com/listings/1-bedroom-apartment-for-sale-westlands-area-3980785,"1 Bed Apartment at Church Road for KSh 7,000,000 | BuyRentKenya",Westlands Area,Westlands,1.0,1.0,60.0,7000000,2026-04-27 13:44:47+00:00,flats-apartments-for-sale/nairobi,sale,3980785,apartment,False
https://www.buyrentkenya.com/listings/1-bedroom-apartment-for-sale-riverside-3980777,"1 Bed Apartment in Riverside for KSh 7,900,000 | BuyRentKenya",Riverside,Westlands,1.0,1.0,66.0,7900000,2026-04-27 13:43:12+00:00,flats-apartments-for-sale/nairobi,sale,3980777,apartment,False
https://www.buyrentkenya.com/listings/2-bedroom-apartment-for-sale-kilimani-3980782,"2 Bed Apartment in Kilimani for KSh 9,200,000 | BuyRentKenya",Kilimani,Kilimani,2.0,2.0,115.0,9200000,2026-04-27 13:41:55+00:00,flats-apartments-for-sale/nairobi,sale,3980782,apartment,False
https://www.buyrentkenya.com/listings/3-bedroom-apartment-for-sale-westlands-area-3980780,"3 Bed Apartment at Mogotio Road for KSh 18,300,000 | BuyRentKenya",Westlands Area,Westlands,3.0,3.0,,18300000,2026-04-27 13:41:42+00:00,flats-apartments-for-sale/nairobi,sale,3980780,apartment,False
https://www.buyrentkenya.com/listings/2-bedroom-apartment-for-sale-westlands-area-3980769,"2 Bed Apartment at Mogotio Road for KSh 12,300,000 | BuyRentKenya",Westlands Area,Westlands,2.0,2.0,81.0,12300000,2026-04-27 13:39:47+00:00,flats-apartments-for-sale/nairobi,sale,3980769,apartment,False
https://www.buyrentkenya.com/listings/2-bedroom-apartment-for-sale-kileleshwa-3980760,"Serviced 2 Bed Apartment at Siaya Road for KSh 13,500,000 | BuyRentKenya",Kileleshwa,Kileleshwa,2.0,3.0,159.0,13500000,2026-04-27 13:39:16+00:00,flats-apartments-for-sale/nairobi,sale,3980760,apartment,True
https://www.buyrentkenya.com/listings/1-bedroom-apartment-for-sale-kilimani-3980781,"1 Bed Apartment in Kilimani for KSh 3,000,000 | BuyRentKenya",Kilimani,Kilimani,1.0,1.0,,3000000,2026-04-27 13:38:35+00:00,flats-apartments-for-sale/nairobi,sale,3980781,apartment,False
https://www.buyrentkenya.com/listings/3-bedroom-apartment-for-sale-lavington-3979805,"3 Bed Apartment in Lavington for KSh 9,000,000 | BuyRentKenya",Lavington,Lavington,3.0,3.0,,9000000,2026-04-25 10:14:39+00:00,flats-apartments-for-sale/nairobi,sale,3979805,apartment,False
https://www.buyrentkenya.com/listings/3-bedroom-apartment-for-sale-kileleshwa-3979810,"3 Bed Apartment in Kileleshwa for KSh 9,000,000 | BuyRentKenya",Kileleshwa,Kileleshwa,3.0,3.0,99.0,9000000,2026-04-25 10:19:20+00:00,flats-apartments-for-sale/nairobi,sale,3979810,apartment,False
https://www.buyrentkenya.com/listings/2-bedroom-apartment-for-sale-westlands-area-3979814,"2 Bed Apartment in Westlands Area for KSh 7,000,000 | BuyRentKenya",Westlands Area,Westlands,2.0,2.0,48.0,7000000,2026-04-25 10:25:58+00:00,flats-apartments-for-sale/nairobi,sale,3979814,apartment,False
https://www.buyrentkenya.com/listings/1-bedroom-apartment-for-sale-westlands-area-3980776,"1 Bed Apartment in Westlands Area for KSh 4,000,000 | BuyRentKenya",Westlands Area,Westlands,1.0,1.0,,4000000,2026-04-27 13:38:25+00:00,flats-apartments-for-sale/nairobi,sale,3980776,apartment,False
https://www.buyrentkenya.com/listings/1-bedroom-apartment-for-sale-westlands-area-3980774,"1 Bed Apartment in Westlands Area for KSh 4,000,000 | BuyRentKenya",Westlands Area,Westlands,1.0,1.0,,4000000,2026-04-27 13:38:19+00:00,flats-apartments-for-sale/nairobi,sale,3980774,apartment,False
https://www.buyrentkenya.com/listings/1-bedroom-apartment-for-sale-westlands-area-3980755,"1 Bed Apartment at Mogotio Road for KSh 8,800,000 | BuyRentKenya",Westlands Area,Westlands,1.0,1.0,83.0,8800000,2026-04-27 13:36:21+00:00,flats-apartments-for-sale/nairobi,sale,3980755,apartment,False
https://www.buyrentkenya.com/listings/4-bedroom-apartment-for-sale-kilimani-3980766,"4 Bed Apartment in Kilimani for KSh 13,000,000 | BuyRentKenya",Kilimani,Kilimani,4.0,4.0,135.0,13000000,2026-04-27 13:34:50+00:00,flats-apartments-for-sale/nairobi,sale,3980766,apartment,False
https://www.buyrentkenya.com/listings/4-bedroom-apartment-for-sale-kilimani-3980772,"4 Bed Apartment in Kilimani for KSh 13,000,000 | BuyRentKenya",Kilimani,Kilimani,4.0,4.0,140.0,13000000,2026-04-27 13:34:43+00:00,flats-apartments-for-sale/nairobi,sale,3980772,apartment,False
https://www.buyrentkenya.com/listings/1-bedroom-apartment-for-sale-kilimani-3980767,"1 Bed Apartment in Kilimani for KSh 6,100,000 | BuyRentKenya",Kilimani,Kilimani,1.0,1.0,,6100000,2026-04-27 13:34:24+00:00,flats-apartments-for-sale/nairobi,sale,3980767,apartment,False
https://www.buyrentkenya.com/listings/1-bedroom-apartment-for-sale-kilimani-3980759,"1 Bed Apartment in Kilimani for KSh 3,000,000 | BuyRentKenya",Kilimani,Kilimani,1.0,1.0,,3000000,2026-04-27 13:32:16+00:00,flats-apartments-for-sale/nairobi,sale,3980759,apartment,False
https://www.buyrentkenya.com/listings/3-bedroom-apartment-for-sale-kilimani-3980764,"3 Bed Apartment in Kilimani for KSh 9,000,000 | BuyRentKenya",Kilimani,Kilimani,3.0,3.0,140.0,9000000,2026-04-27 13:31:36+00:00,flats-apartments-for-sale/nairobi,sale,3980764,apartment,False
https://www.buyrentkenya.com/listings/3-bedroom-apartment-for-sale-kilimani-3980765,"3 Bed Apartment in Kilimani for KSh 9,000,000 | BuyRentKenya",Kilimani,Kilimani,3.0,3.0,88.0,9000000,2026-04-27 13:31:33+00:00,flats-apartments-for-sale/nairobi,sale,3980765,apartment,False
https://www.buyrentkenya.com/listings/2-bedroom-apartment-for-sale-kilimani-3980761,"2 Bed Apartment in Kilimani for KSh 6,000,000 | BuyRentKenya",Kilimani,Kilimani,2.0,2.0,53.0,6000000,2026-04-27 13:31:26+00:00,flats-apartments-for-sale/nairobi,sale,3980761,apartment,False
https://www.buyrentkenya.com/listings/2-bedroom-apartment-for-sale-kilimani-3980762,"2 Bed Apartment in Kilimani for KSh 6,000,000 | BuyRentKenya",Kilimani,Kilimani,2.0,2.0,65.0,6000000,2026-04-27 13:31:24+00:00,flats-apartments-for-sale/nairobi,sale,3980762,apartment,False
https://www.buyrentkenya.com/listings/1-bedroom-apartment-for-sale-kilimani-3980758,"1 Bed Apartment in Kilimani for KSh 3,000,000 | BuyRentKenya",Kilimani,Kilimani,1.0,1.0,,3000000,2026-04-27 13:31:20+00:00,flats-apartments-for-sale/nairobi,sale,3980758,apartment,False
https://www.buyrentkenya.com/listings/1-bedroom-apartment-for-sale-westlands-area-3980763,"1 Bed Apartment at Off Waiyaki Way for KSh 6,000,000 | BuyRentKenya",Westlands Area,Westlands,1.0,1.0,54.0,6000000,2026-04-27 13:31:14+00:00,flats-apartments-for-sale/nairobi,sale,3980763,apartment,False
https://www.buyrentkenya.com/listings/3-bedroom-apartment-for-sale-kilimani-3980757,"3 Bed Apartment at Wood Avenue for KSh 12,000,000 | BuyRentKenya",Kilimani,Kilimani,3.0,3.0,110.0,12000000,2026-04-27 13:27:21+00:00,flats-apartments-for-sale/nairobi,sale,3980757,apartment,False
https://www.buyrentkenya.com/listings/4-bedroom-apartment-for-sale-westlands-area-3980756,"4 Bed Apartment in Westlands Area for KSh 18,000,000 | BuyRentKenya",Westlands Area,Westlands,4.0,4.0,182.0,18000000,2026-04-27 13:25:00+00:00,flats-apartments-for-sale/nairobi,sale,3980756,apartment,False
https://www.buyrentkenya.com/listings/4-bedroom-apartment-for-sale-westlands-area-3980754,"4 Bed Apartment in Westlands Area for KSh 18,000,000 | BuyRentKenya",Westlands Area,Westlands,4.0,4.0,182.0,18000000,2026-04-27 13:24:56+00:00,flats-apartments-for-sale/nairobi,sale,3980754,apartment,False
https://www.buyrentkenya.com/listings/3-bedroom-apartment-for-sale-westlands-area-3980753,"3 Bed Apartment in Westlands Area for KSh 12,000,000 | BuyRentKenya",Westlands Area,Westlands,3.0,3.0,114.0,12000000,2026-04-27 13:24:36+00:00,flats-apartments-for-sale/nairobi,sale,3980753,apartment,False
https://www.buyrentkenya.com/listings/3-bedroom-apartment-for-sale-westlands-area-3980751,"3 Bed Apartment in Westlands Area for KSh 12,000,000 | BuyRentKenya",Westlands Area,Westlands,3.0,3.0,92.0,12000000,2026-04-27 13:24:33+00:00,flats-apartments-for-sale/nairobi,sale,3980751,apartment,False
https://www.buyrentkenya.com/listings/2-bedroom-apartment-for-sale-westlands-area-3980748,"2 Bed Apartment in Westlands Area for KSh 7,000,000 | BuyRentKenya",Westlands Area,Westlands,2.0,2.0,69.0,7000000,2026-04-27 13:24:31+00:00,flats-apartments-for-sale/nairobi,sale,3980748,apartment,False
https://www.buyrentkenya.com/listings/2-bedroom-apartment-for-sale-westlands-area-3980749,"2 Bed Apartment in Westlands Area for KSh 7,000,000 | BuyRentKenya",Westlands Area,Westlands,2.0,2.0,62.0,7000000,2026-04-27 13:24:30+00:00,flats-apartments-for-sale/nairobi,sale,3980749,apartment,False
https://www.buyrentkenya.com/listings/2-bedroom-apartment-for-sale-kilimani-3980752,"2 Bed Apartment at Wood Avenue for KSh 9,300,000 | BuyRentKenya",Kilimani,Kilimani,2.0,2.0,88.0,9300000,2026-04-27 13:24:19+00:00,flats-apartments-for-sale/nairobi,sale,3980752,apartment,False
https://www.buyrentkenya.com/listings/1-bedroom-apartment-for-sale-westlands-area-3973795,"1 Bed Apartment in Westlands Area for KSh 4,000,000 | BuyRentKenya",Westlands Area,Westlands,1.0,1.0,,4000000,2026-04-23 18:23:12+00:00,flats-apartments-for-sale/nairobi,sale,3973795,apartment,False
https://www.buyrentkenya.com/listings/3-bedroom-apartment-for-sale-mombasa-road-3962209,"3 Bed Apartment at Gateway Mall for KSh 10,500,000 | BuyRentKenya",Mombasa Road,Mombasa Road,3.0,3.0,103.0,10500000,2026-04-25 07:28:29+00:00,flats-apartments-for-sale/nairobi,sale,3962209,apartment,False
https://www.buyrentkenya.com/listings/3-bedroom-apartment-for-sale-south-c-3977032,"3 Bed Apartment at Nextgen Mall for KSh 15,000,000 | BuyRentKenya",South C,South C,3.0,3.0,110.0,15000000,2026-04-21 11:57:41+00:00,flats-apartments-for-sale/nairobi,sale,3977032,apartment,False
https://www.buyrentkenya.com/listings/2-bedroom-apartment-for-sale-kilimani-3980745,"2 Bed Apartment at Wood Avenue for KSh 7,600,000 | BuyRentKenya",Kilimani,Kilimani,2.0,2.0,75.0,7600000,2026-04-27 13:21:06+00:00,flats-apartments-for-sale/nairobi,sale,3980745,apartment,False
https://www.buyrentkenya.com/listings/3-bedroom-apartment-for-sale-westlands-area-3980746,"3 Bed Apartment at Muthithi Road for KSh 18,300,000 | BuyRentKenya",Westlands Area,Westlands,3.0,4.0,25.0,18300000,2026-04-27 13:21:01+00:00,flats-apartments-for-sale/nairobi,sale,3980746,apartment,False
https://www.buyrentkenya.com/listings/2-bedroom-apartment-for-sale-westlands-area-3980744,"2 Bed Apartment at Muthithi Road for KSh 13,250,000 | BuyRentKenya",Westlands Area,Westlands,2.0,2.0,102.0,13250000,2026-04-27 13:20:35+00:00,flats-apartments-for-sale/nairobi,sale,3980744,apartment,False
https://www.buyrentkenya.com/listings/1-bedroom-apartment-for-sale-westlands-area-3980742,"1 Bed Apartment in Westlands Area for KSh 4,000,000 | BuyRentKenya",Westlands Area,Westlands,1.0,1.0,,4000000,2026-04-27 13:19:26+00:00,flats-apartments-for-sale/nairobi,sale,3980742,apartment,False
https://www.buyrentkenya.com/listings/2-bedroom-apartment-for-sale-westlands-area-3979407,"2 Bed Apartment at Waiyaki Way for KSh 13,500,000 | BuyRentKenya",Westlands Area,Westlands,2.0,2.0,110.0,13500000,2026-04-27 13:18:45+00:00,flats-apartments-for-sale/nairobi,sale,3979407,apartment,False
https://www.buyrentkenya.com/listings/1-bedroom-apartment-for-sale-westlands-area-3980741,"1 Bed Apartment at Muthithi Road for KSh 8,500,000 | BuyRentKenya",Westlands Area,Westlands,1.0,1.0,,8500000,2026-04-27 13:18:27+00:00,flats-apartments-for-sale/nairobi,sale,3980741,apartment,False
https://www.buyrentkenya.com/listings/1-bedroom-apartment-for-sale-kilimani-3980743,"1 Bed Apartment at Wood Avenue for KSh 6,900,000 | BuyRentKenya",Kilimani,Kilimani,1.0,1.0,70.0,6900000,2026-04-27 13:18:15+00:00,flats-apartments-for-sale/nairobi,sale,3980743,apartment,False
https://www.buyrentkenya.com/listings/4-bedroom-apartment-for-sale-westlands-area-3980709,"4 Bed Apartment in Westlands Area for KSh 20,000,000 | BuyRentKenya",Westlands Area,Westlands,4.0,4.0,182.0,20000000,2026-04-27 13:16:22+00:00,flats-apartments-for-sale/nairobi,sale,3980709,apartment,False
https://www.buyrentkenya.com/listings/3-bedroom-apartment-for-sale-westlands-area-3980708,"3 Bed Apartment in Westlands Area for KSh 13,000,000 | BuyRentKenya",Westlands Area,Westlands,3.0,2.0,92.0,13000000,2026-04-27 13:16:17+00:00,flats-apartments-for-sale/nairobi,sale,3980708,apartment,False
https://www.buyrentkenya.com/listings/2-bedroom-apartment-for-sale-westlands-area-3980707,"2 Bed Apartment in Westlands Area for KSh 7,000,000 | BuyRentKenya",Westlands Area,Westlands,2.0,1.0,48.0,7000000,2026-04-27 13:16:11+00:00,flats-apartments-for-sale/nairobi,sale,3980707,apartment,False
https://www.buyrentkenya.com/listings/1-bedroom-apartment-for-sale-westlands-area-3980706,"1 Bed Apartment in Westlands Area for KSh 4,000,000 | BuyRentKenya",Westlands Area,Westlands,1.0,1.0,,4000000,2026-04-27 13:16:05+00:00,flats-apartments-for-sale/nairobi,sale,3980706,apartment,False
https://www.buyrentkenya.com/listings/4-bedroom-apartment-for-sale-lavington-3980705,"4 Bed Apartment in Lavington for KSh 13,500,000 | BuyRentKenya",Lavington,Lavington,4.0,4.0,110.0,13500000,2026-04-27 13:16:00+00:00,flats-apartments-for-sale/nairobi,sale,3980705,apartment,False
https://www.buyrentkenya.com/listings/4-bedroom-apartment-for-sale-kileleshwa-3980704,"4 Bed Apartment in Kileleshwa for KSh 13,500,000 | BuyRentKenya",Kileleshwa,Kileleshwa,4.0,4.0,128.0,13500000,2026-04-27 13:15:54+00:00,flats-apartments-for-sale/nairobi,sale,3980704,apartment,False
https://www.buyrentkenya.com/listings/4-bedroom-apartment-for-sale-kilimani-3980703,"4 Bed Apartment in Kilimani for KSh 13,500,000 | BuyRentKenya",Kilimani,Kilimani,4.0,4.0,148.0,13500000,2026-04-27 13:15:48+00:00,flats-apartments-for-sale/nairobi,sale,3980703,apartment,False
https://www.buyrentkenya.com/listings/3-bedroom-apartment-for-sale-lavington-3980702,"3 Bed Apartment in Lavington for KSh 10,000,000 | BuyRentKenya",Lavington,Lavington,3.0,2.0,95.0,10000000,2026-04-27 13:15:43+00:00,flats-apartments-for-sale/nairobi,sale,3980702,apartment,False
https://www.buyrentkenya.com/listings/3-bedroom-apartment-for-sale-kileleshwa-3980701,"3 Bed Apartment in Kileleshwa for KSh 10,000,000 | BuyRentKenya",Kileleshwa,Kileleshwa,3.0,2.0,99.0,10000000,2026-04-27 13:15:36+00:00,flats-apartments-for-sale/nairobi,sale,3980701,apartment,False
https://www.buyrentkenya.com/listings/3-bedroom-apartment-for-sale-kilimani-3980700,"3 Bed Apartment in Kilimani for KSh 10,000,000 | BuyRentKenya",Kilimani,Kilimani,3.0,2.0,108.0,10000000,2026-04-27 13:15:31+00:00,flats-apartments-for-sale/nairobi,sale,3980700,apartment,False
https://www.buyrentkenya.com/listings/2-bedroom-apartment-for-sale-lavington-3980699,"2 Bed Apartment in Lavington for KSh 6,000,000 | BuyRentKenya",Lavington,Lavington,2.0,1.0,,6000000,2026-04-27 13:15:26+00:00,flats-apartments-for-sale/nairobi,sale,3980699,apartment,False
https://www.buyrentkenya.com/listings/2-bedroom-apartment-for-sale-kileleshwa-3980698,"2 Bed Apartment in Kileleshwa for KSh 6,000,000 | BuyRentKenya",Kileleshwa,Kileleshwa,2.0,1.0,53.0,6000000,2026-04-27 13:15:20+00:00,flats-apartments-for-sale/nairobi,sale,3980698,apartment,False
https://www.buyrentkenya.com/listings/2-bedroom-apartment-for-sale-kilimani-3980697,"2 Bed Apartment in Kilimani for KSh 6,000,000 | BuyRentKenya",Kilimani,Kilimani,2.0,1.0,65.0,6000000,2026-04-27 13:15:14+00:00,flats-apartments-for-sale/nairobi,sale,3980697,apartment,False
https://www.buyrentkenya.com/listings/1-bedroom-apartment-for-sale-lavington-3980696,"1 Bed Apartment in Lavington for KSh 3,000,000 | BuyRentKenya",Lavington,Lavington,1.0,1.0,,3000000,2026-04-27 13:15:07+00:00,flats-apartments-for-sale/nairobi,sale,3980696,apartment,False
https://www.buyrentkenya.com/listings/2-bedroom-apartment-for-sale-lavington-3974913,"2 Bed Apartment in Lavington for KSh 6,000,000 | BuyRentKenya",Lavington,Lavington,2.0,1.0,,6000000,2026-04-23 18:21:09+00:00,flats-apartments-for-sale/nairobi,sale,3974913,apartment,False
https://www.buyrentkenya.com/listings/1-bedroom-apartment-for-sale-westlands-area-3976975,"1 Bed Apartment in Westlands Area for KSh 9,000,000 | BuyRentKenya",Westlands Area,Westlands,1.0,1.0,58.0,9000000,2026-04-23 10:53:13+00:00,flats-apartments-for-sale/nairobi,sale,3976975,apartment,False
https://www.buyrentkenya.com/listings/4-bedroom-apartment-for-sale-lavington-3972214,"4 Bed Apartment in Lavington for KSh 13,000,000 | BuyRentKenya",Lavington,Lavington,4.0,4.0,,13000000,2026-04-27 11:54:54+00:00,flats-apartments-for-sale/nairobi,sale,3972214,apartment,False
https://www.buyrentkenya.com/listings/1-bedroom-apartment-for-sale-kileleshwa-3980695,"1 Bed Apartment in Kileleshwa for KSh 3,000,000 | BuyRentKenya",Kileleshwa,Kileleshwa,1.0,1.0,,3000000,2026-04-27 13:15:01+00:00,flats-apartments-for-sale/nairobi,sale,3980695,apartment,False
https://www.buyrentkenya.com/listings/1-bedroom-apartment-for-sale-kilimani-3980693,"1 Bed Apartment in Kilimani for KSh 3,000,000 | BuyRentKenya",Kilimani,Kilimani,1.0,1.0,,3000000,2026-04-27 13:14:52+00:00,flats-apartments-for-sale/nairobi,sale,3980693,apartment,False
https://www.buyrentkenya.com/listings/3-bedroom-apartment-for-sale-lavington-3980728,"3 Bed Apartment at Kingara Road for KSh 14,900,000 | BuyRentKenya",Lavington,Lavington,3.0,3.0,135.0,14900000,2026-04-27 13:14:23+00:00,flats-apartments-for-sale/nairobi,sale,3980728,apartment,False
https://www.buyrentkenya.com/listings/4-bedroom-apartment-for-sale-kileleshwa-3980724,"4 Bed Apartment at Othaya Road for KSh 26,000,000 | BuyRentKenya",Kileleshwa,Kileleshwa,4.0,6.0,228.0,26000000,2026-04-27 13:12:39+00:00,flats-apartments-for-sale/nairobi,sale,3980724,apartment,False
https://www.buyrentkenya.com/listings/2-bedroom-apartment-for-sale-lavington-3980726,"2 Bed Apartment at Kingara Road for KSh 10,800,000 | BuyRentKenya",Lavington,Lavington,2.0,2.0,95.0,10800000,2026-04-27 13:11:23+00:00,flats-apartments-for-sale/nairobi,sale,3980726,apartment,False
https://www.buyrentkenya.com/listings/1-bedroom-apartment-for-sale-lavington-3980722,"1 Bed Apartment at Kingara Road for KSh 7,500,000 | BuyRentKenya",Lavington,Lavington,1.0,1.0,78.0,7500000,2026-04-27 13:09:11+00:00,flats-apartments-for-sale/nairobi,sale,3980722,apartment,False
https://www.buyrentkenya.com/listings/3-bedroom-apartment-for-sale-kileleshwa-3980721,"3 Bed Apartment at Othaya Road for KSh 24,000,000 | BuyRentKenya",Kileleshwa,Kileleshwa,3.0,4.0,205.0,24000000,2026-04-27 13:08:43+00:00,flats-apartments-for-sale/nairobi,sale,3980721,apartment,False
https://www.buyrentkenya.com/listings/1-bedroom-apartment-for-sale-westlands-area-3980710,"1 Bed Apartment in Westlands Area for KSh 6,600,000 | BuyRentKenya",Westlands Area,Westlands,1.0,1.0,39.0,6600000,2026-04-27 13:07:05+00:00,flats-apartments-for-sale/nairobi,sale,3980710,apartment,False
https://www.buyrentkenya.com/listings/2-bedroom-apartment-for-sale-kileleshwa-3980718,"2 Bed Apartment at Gatundu Road for KSh 11,500,000 | BuyRentKenya",Kileleshwa,Kileleshwa,2.0,2.0,120.0,11500000,2026-04-27 13:06:50+00:00,flats-apartments-for-sale/nairobi,sale,3980718,apartment,False
https://www.buyrentkenya.com/listings/2-bedroom-apartment-for-sale-kilimani-3980720,"2 Bed Apartment in Kilimani for KSh 6,000,000 | BuyRentKenya",Kilimani,Kilimani,2.0,2.0,53.0,6000000,2026-04-27 13:05:24+00:00,flats-apartments-for-sale/nairobi,sale,3980720,apartment,False
https://www.buyrentkenya.com/listings/2-bedroom-apartment-for-sale-kileleshwa-3980719,"2 Bed Apartment at Mandera Road for KSh 13,900,000 | BuyRentKenya",Kileleshwa,Kileleshwa,2.0,2.0,108.0,13900000,2026-04-27 13:04:43+00:00,flats-apartments-for-sale/nairobi,sale,3980719,apartment,False
https://www.buyrentkenya.com/listings/2-bedroom-apartment-for-sale-kileleshwa-3980716,"2 Bed Apartment at Gatundu Road for KSh 11,500,000 | BuyRentKenya",Kileleshwa,Kileleshwa,2.0,2.0,113.0,11500000,2026-04-27 13:04:16+00:00,flats-apartments-for-sale/nairobi,sale,3980716,apartment,False
https://www.buyrentkenya.com/listings/1-bedroom-apartment-for-sale-kileleshwa-3980717,"1 Bed Apartment at Mandera Road for KSh 6,500,000 | BuyRentKenya",Kileleshwa,Kileleshwa,1.0,1.0,55.0,6500000,2026-04-27 13:02:20+00:00,flats-apartments-for-sale/nairobi,sale,3980717,apartment,False
https://www.buyrentkenya.com/listings/1-bedroom-apartment-for-sale-kileleshwa-3980691,"1 Bed Apartment at Gatundu Road for KSh 6,900,000 | BuyRentKenya",Kileleshwa,Kileleshwa,1.0,1.0,68.0,6900000,2026-04-27 13:02:02+00:00,flats-apartments-for-sale/nairobi,sale,3980691,apartment,False
https://www.buyrentkenya.com/listings/2-bedroom-apartment-for-sale-kilimani-3980715,"2 Bed Apartment at Kilungu Road for KSh 14,300,000 | BuyRentKenya",Kilimani,Kilimani,2.0,2.0,153.0,14300000,2026-04-27 12:59:56+00:00,flats-apartments-for-sale/nairobi,sale,3980715,apartment,False
https://www.buyrentkenya.com/listings/1-bedroom-apartment-for-sale-kileleshwa-3980687,"1 Bed Apartment at Gatundu Road for KSh 7,700,000 | BuyRentKenya",Kileleshwa,Kileleshwa,1.0,1.0,77.0,7700000,2026-04-27 12:57:32+00:00,flats-apartments-for-sale/nairobi,sale,3980687,apartment,False
https://www.buyrentkenya.com/listings/2-bedroom-apartment-for-sale-kilimani-3980694,"2 Bed Apartment at Kilungu Road for KSh 11,500,000 | BuyRentKenya",Kilimani,Kilimani,2.0,2.0,115.0,11500000,2026-04-27 12:56:50+00:00,flats-apartments-for-sale/nairobi,sale,3980694,apartment,False
https://www.buyrentkenya.com/listings/2-bedroom-apartment-for-sale-kilimani-3980692,"2 Bed Apartment in Kilimani for KSh 6,000,000 | BuyRentKenya",Kilimani,Kilimani,2.0,2.0,,6000000,2026-04-27 12:51:51+00:00,flats-apartments-for-sale/nairobi,sale,3980692,apartment,False
https://www.buyrentkenya.com/listings/2-bedroom-apartment-for-sale-westlands-area-3980690,"2 Bed Apartment in Westlands Area for KSh 7,000,000 | BuyRentKenya",Westlands Area,Westlands,2.0,2.0,65.0,7000000,2026-04-27 12:49:57+00:00,flats-apartments-for-sale/nairobi,sale,3980690,apartment,False
https://www.buyrentkenya.com/listings/1-bedroom-apartment-for-sale-westlands-area-3980689,"1 Bed Apartment in Westlands Area for KSh 4,000,000 | BuyRentKenya",Westlands Area,Westlands,1.0,1.0,,4000000,2026-04-27 12:49:54+00:00,flats-apartments-for-sale/nairobi,sale,3980689,apartment,False
https://www.buyrentkenya.com/listings/1-bedroom-apartment-for-sale-kilimani-3980688,"1 Bed Apartment in Kilimani for KSh 3,000,000 | BuyRentKenya",Kilimani,Kilimani,1.0,1.0,,3000000,2026-04-27 12:49:39+00:00,flats-apartments-for-sale/nairobi,sale,3980688,apartment,False
https://www.buyrentkenya.com/listings/2-bedroom-apartment-for-sale-kilimani-3980685,"2 Bed Apartment at Wood Avenue for KSh 8,000,000 | BuyRentKenya",Kilimani,Kilimani,2.0,2.0,100.0,8000000,2026-04-27 12:49:33+00:00,flats-apartments-for-sale/nairobi,sale,3980685,apartment,False
https://www.buyrentkenya.com/listings/2-bedroom-apartment-for-rent-valley-arcade-3976455,"2 Bed Apartment at Mararo Road for KSh 80,000 / month | BuyRentKenya",Valley Arcade,Valley Arcade,2.0,2.0,,80000,2026-04-27 05:09:42+00:00,flats-apartments-for-rent/nairobi,rent,3976455,apartment,False
https://www.buyrentkenya.com/listings/furnished-2-bedroom-apartment-for-rent-lavington-3977125,"Serviced 2 Bed Apartment in Lavington for KSh 200,000 / month | BuyRentKenya",Lavington,Lavington,2.0,2.0,86.0,200000,2026-04-21 16:28:06+00:00,flats-apartments-for-rent/nairobi,rent,3977125,apartment,True
https://www.buyrentkenya.com/listings/furnished-2-bedroom-apartment-for-rent-westlands-area-3953856,"Serviced 2 Bed Apartment in Westlands Area for KSh 190,000 / month | BuyRentKenya",Westlands Area,Westlands,2.0,2.0,140.0,190000,2026-04-26 06:35:52+00:00,flats-apartments-for-rent/nairobi,rent,3953856,apartment,True
https://www.buyrentkenya.com/listings/4-bedroom-apartment-for-rent-general-mathenge-3980962,"4 Bed Apartment in General Mathenge for KSh 270,000 / month | BuyRentKenya",General Mathenge,Westlands,4.0,4.0,150.0,270000,2026-04-27 20:36:11+00:00,flats-apartments-for-rent/nairobi,rent,3980962,apartment,False
https://www.buyrentkenya.com/listings/2-bedroom-apartment-for-rent-westlands-area-3980949,"2 Bed Apartment at Off Mpaka Road for KSh 110,000 / month | BuyRentKenya",Westlands Area,Westlands,2.0,2.0,210.0,110000,2026-04-27 18:20:18+00:00,flats-apartments-for-rent/nairobi,rent,3980949,apartment,False
https://www.buyrentkenya.com/listings/2-bedroom-apartment-for-rent-lavington-3980940,"2 Bed Apartment in Lavington for KSh 85,000 / month | BuyRentKenya",Lavington,Lavington,2.0,2.0,,85000,2026-04-27 17:03:24+00:00,flats-apartments-for-rent/nairobi,rent,3980940,apartment,False
https://www.buyrentkenya.com/listings/3-bedroom-apartment-for-rent-riverside-3980941,"Serviced 3 Bed Apartment in Riverside for KSh 150,000 / month | BuyRentKenya",Riverside,Westlands,3.0,3.0,180.0,150000,2026-04-27 17:01:10+00:00,flats-apartments-for-rent/nairobi,rent,3980941,apartment,True
https://www.buyrentkenya.com/listings/3-bedroom-apartment-for-rent-lavington-3980937,"3 Bed Apartment in Lavington for KSh 110,000 / month | BuyRentKenya",Lavington,Lavington,3.0,3.0,130.0,110000,2026-04-27 16:56:20+00:00,flats-apartments-for-rent/nairobi,rent,3980937,apartment,False
https://www.buyrentkenya.com/listings/3-bedroom-apartment-for-rent-riverside-3980936,"3 Bed Apartment in Riverside for KSh 150,000 / month | BuyRentKenya",Riverside,Westlands,3.0,2.0,,150000,2026-04-27 16:49:33+00:00,flats-apartments-for-rent/nairobi,rent,3980936,apartment,False
https://www.buyrentkenya.com/listings/4-bedroom-apartment-for-rent-lavington-3980929,"4 Bed Apartment in Lavington for KSh 260,000 / month | BuyRentKenya",Lavington,Lavington,4.0,4.0,125.0,260000,2026-04-27 16:20:45+00:00,flats-apartments-for-rent/nairobi,rent,3980929,apartment,False
https://www.buyrentkenya.com/listings/furnished-2-bedroom-apartment-for-rent-kilimani-3980913,"Furnished 2 Bed Apartment at Kilimani for KSh 200,000 / month | BuyRentKenya",Kilimani,Kilimani,2.0,2.0,120.0,200000,2026-04-27 16:09:53+00:00,flats-apartments-for-rent/nairobi,rent,3980913,apartment,True
https://www.buyrentkenya.com/listings/3-bedroom-apartment-for-rent-westlands-area-3980918,"3 Bed Apartment at Nyari for KSh 220,000 / month | BuyRentKenya",Westlands Area,Westlands,3.0,4.0,,220000,2026-04-27 15:46:35+00:00,flats-apartments-for-rent/nairobi,rent,3980918,apartment,False
https://www.buyrentkenya.com/listings/3-bedroom-apartment-for-rent-riverside-3980889,"3 Bed Apartment in Riverside for KSh 325,000 / month | BuyRentKenya",Riverside,Westlands,3.0,4.0,,325000,2026-04-27 15:01:11+00:00,flats-apartments-for-rent/nairobi,rent,3980889,apartment,False
https://www.buyrentkenya.com/listings/2-bedroom-apartment-for-rent-kileleshwa-3980882,"2 Bed Apartment in Kileleshwa for KSh 75,000 / month | BuyRentKenya",Kileleshwa,Kileleshwa,2.0,2.0,,75000,2026-04-27 14:46:25+00:00,flats-apartments-for-rent/nairobi,rent,3980882,apartment,False
https://www.buyrentkenya.com/listings/2-bedroom-apartment-for-rent-lavington-3980878,"2 Bed Apartment in Lavington for KSh 75,000 / month | BuyRentKenya",Lavington,Lavington,2.0,2.0,,75000,2026-04-27 14:44:33+00:00,flats-apartments-for-rent/nairobi,rent,3980878,apartment,False
https://www.buyrentkenya.com/listings/2-bedroom-apartment-for-rent-lavington-3980879,"2 Bed Apartment in Lavington for KSh 85,000 / month | BuyRentKenya",Lavington,Lavington,2.0,2.0,,85000,2026-04-27 14:44:26+00:00,flats-apartments-for-rent/nairobi,rent,3980879,apartment,False
https://www.buyrentkenya.com/listings/4-bedroom-apartment-for-rent-riverside-3980873,"4 Bed Apartment in Riverside for KSh 350,000 / month | BuyRentKenya",Riverside,Westlands,4.0,4.0,,350000,2026-04-27 14:41:05+00:00,flats-apartments-for-rent/nairobi,rent,3980873,apartment,False
https://www.buyrentkenya.com/listings/furnished-2-bedroom-apartment-for-rent-westlands-area-3980871,"Furnished 2 Bed Apartment in Westlands Area for KSh 200,000 / month | BuyRentKenya",Westlands Area,Westlands,2.0,2.0,98.0,200000,2026-04-27 14:40:37+00:00,flats-apartments-for-rent/nairobi,rent,3980871,apartment,True
https://www.buyrentkenya.com/listings/3-bedroom-apartment-for-rent-kileleshwa-3980825,"3 Bed Apartment at Oloitoktok Road for KSh 120,000 / month | BuyRentKenya",Kileleshwa,Kileleshwa,3.0,3.0,125.0,120000,2026-04-27 14:21:14+00:00,flats-apartments-for-rent/nairobi,rent,3980825,apartment,False
https://www.buyrentkenya.com/listings/2-bedroom-apartment-for-rent-riverside-3980768,"2 Bed Apartment in Riverside for KSh 140,000 / month | BuyRentKenya",Riverside,Westlands,2.0,3.0,184.0,140000,2026-04-27 13:38:38+00:00,flats-apartments-for-rent/nairobi,rent,3980768,apartment,False
https://www.buyrentkenya.com/listings/2-bedroom-apartment-for-rent-lavington-3980747,"2 Bed Apartment at Valley Acade for KSh 100,000 / month | BuyRentKenya",Lavington,Lavington,2.0,2.0,90.0,100000,2026-04-27 13:29:34+00:00,flats-apartments-for-rent/nairobi,rent,3980747,apartment,False
https://www.buyrentkenya.com/listings/2-bedroom-apartment-for-rent-lavington-3980732,"2 Bed Apartment at Mbaazi Lane for KSh 70,000 / month | BuyRentKenya",Lavington,Lavington,2.0,2.0,80.0,70000,2026-04-27 13:19:10+00:00,flats-apartments-for-rent/nairobi,rent,3980732,apartment,False
https://www.buyrentkenya.com/listings/1-bedroom-apartment-for-rent-westlands-area-3970656,"1 Bed Apartment at Raphta Road for KSh 160,000 / month | BuyRentKenya",Westlands Area,Westlands,1.0,1.0,120.0,160000,2026-04-27 13:06:23+00:00,flats-apartments-for-rent/nairobi,rent,3970656,apartment,False
https://www.buyrentkenya.com/listings/furnished-2-bedroom-apartment-for-rent-westlands-area-3980714,"Furnished 2 Bed Apartment in Westlands Area for KSh 250,000 / month | BuyRentKenya",Westlands Area,Westlands,2.0,2.0,,250000,2026-04-27 13:01:57+00:00,flats-apartments-for-rent/nairobi,rent,3980714,apartment,True
https://www.buyrentkenya.com/listings/3-bedroom-apartment-for-rent-westlands-area-3975278,"Serviced 3 Bed Apartment in Westlands Area for KSh 200,000 / month | BuyRentKenya",Westlands Area,Westlands,3.0,3.0,98.0,200000,2026-04-18 13:05:16+00:00,flats-apartments-for-rent/nairobi,rent,3975278,apartment,True
https://www.buyrentkenya.com/listings/furnished-2-bedroom-apartment-for-rent-kileleshwa-3973975,"Serviced 2 Bed Apartment at Laikipia Rd for KSh 150,000 / month | BuyRentKenya",Kileleshwa,Kileleshwa,2.0,2.0,100.0,150000,2026-04-16 12:40:56+00:00,flats-apartments-for-rent/nairobi,rent,3973975,apartment,True
https://www.buyrentkenya.com/listings/furnished-2-bedroom-apartment-for-rent-lavington-3966302,"Furnished 2 Bed Apartment at Mararo Road for KSh 130,000 / month | BuyRentKenya",Lavington,Lavington,2.0,2.0,99.0,130000,2026-04-07 07:48:23+00:00,flats-apartments-for-rent/nairobi,rent,3966302,apartment,True
https://www.buyrentkenya.com/listings/3-bedroom-apartment-for-rent-kilimani-3980684,"3 Bed Apartment at Ngong Road for KSh 80,000 / month | BuyRentKenya",Kilimani,Kilimani,3.0,3.0,61.0,80000,2026-04-27 12:46:18+00:00,flats-apartments-for-rent/nairobi,rent,3980684,apartment,False
https://www.buyrentkenya.com/listings/furnished-3-bedroom-apartment-for-rent-kileleshwa-3980678,"Furnished 3 Bed Apartment in Kileleshwa for KSh 280,000 / month | BuyRentKenya",Kileleshwa,Kileleshwa,3.0,3.0,144.0,280000,2026-04-27 12:43:15+00:00,flats-apartments-for-rent/nairobi,rent,3980678,apartment,True
https://www.buyrentkenya.com/listings/2-bedroom-apartment-for-rent-kileleshwa-3980676,"2 Bed Apartment in Kileleshwa for KSh 100,000 / month | BuyRentKenya",Kileleshwa,Kileleshwa,2.0,2.0,220.0,100000,2026-04-27 12:37:35+00:00,flats-apartments-for-rent/nairobi,rent,3980676,apartment,False
https://www.buyrentkenya.com/listings/furnished-2-bedroom-apartment-for-rent-kileleshwa-3980658,"Furnished 2 Bed Apartment in Kileleshwa for KSh 200,000 / month | BuyRentKenya",Kileleshwa,Kileleshwa,2.0,2.0,,200000,2026-04-27 12:31:44+00:00,flats-apartments-for-rent/nairobi,rent,3980658,apartment,True
https://www.buyrentkenya.com/listings/2-bedroom-apartment-for-rent-lavington-3980088,"2 Bed Apartment in Lavington for KSh 70,000 / month | BuyRentKenya",Lavington,Lavington,2.0,3.0,,70000,2026-04-27 05:36:32+00:00,flats-apartments-for-rent/nairobi,rent,3980088,apartment,False
https://www.buyrentkenya.com/listings/3-bedroom-apartment-for-rent-riverside-3980636,"3 Bed Apartment in Riverside for KSh 370,000 / month | BuyRentKenya",Riverside,Westlands,3.0,3.0,220.0,370000,2026-04-27 12:00:39+00:00,flats-apartments-for-rent/nairobi,rent,3980636,apartment,False
https://www.buyrentkenya.com/listings/2-bedroom-apartment-for-rent-lavington-3980628,"2 Bed Apartment in Lavington for KSh 70,000 / month | BuyRentKenya",Lavington,Lavington,2.0,2.0,,70000,2026-04-27 11:56:19+00:00,flats-apartments-for-rent/nairobi,rent,3980628,apartment,False
https://www.buyrentkenya.com/listings/4-bedroom-apartment-for-rent-westlands-area-3980622,"4 Bed Apartment in Westlands Area for KSh 140,000 / month | BuyRentKenya",Westlands Area,Westlands,4.0,4.0,215.0,140000,2026-04-27 11:53:37+00:00,flats-apartments-for-rent/nairobi,rent,3980622,apartment,False
https://www.buyrentkenya.com/listings/furnished-2-bedroom-apartment-for-rent-westlands-area-3980621,"Furnished 2 Bed Apartment in Westlands Area for KSh 175,000 / month | BuyRentKenya",Westlands Area,Westlands,2.0,2.0,300.0,175000,2026-04-27 11:51:24+00:00,flats-apartments-for-rent/nairobi,rent,3980621,apartment,True
https://www.buyrentkenya.com/listings/4-bedroom-apartment-for-rent-riverside-3980620,"4 Bed Apartment in Riverside for KSh 200,000 / month | BuyRentKenya",Riverside,Westlands,4.0,4.0,,200000,2026-04-27 11:48:56+00:00,flats-apartments-for-rent/nairobi,rent,3980620,apartment,False
https://www.buyrentkenya.com/listings/furnished-2-bedroom-apartment-for-rent-riverside-3980607,"Furnished 2 Bed Apartment in Riverside for KSh 115,000 / month | BuyRentKenya",Riverside,Westlands,2.0,2.0,77.0,115000,2026-04-27 11:43:03+00:00,flats-apartments-for-rent/nairobi,rent,3980607,apartment,True
https://www.buyrentkenya.com/listings/furnished-2-bedroom-apartment-for-rent-kitisuru-3980577,"Furnished 2 Bed Apartment in Kitisuru for KSh 233,000 / month | BuyRentKenya",Kitisuru,Westlands,2.0,2.0,444.0,233000,2026-04-27 11:28:22+00:00,flats-apartments-for-rent/nairobi,rent,3980577,apartment,True
https://www.buyrentkenya.com/listings/2-bedroom-apartment-for-rent-brookside-3980561,"2 Bed Apartment in Brookside for KSh 135,000 / month | BuyRentKenya",Brookside,Westlands,2.0,2.0,120.0,135000,2026-04-27 11:08:14+00:00,flats-apartments-for-rent/nairobi,rent,3980561,apartment,False
https://www.buyrentkenya.com/listings/1-bedroom-apartment-for-rent-kileleshwa-3980551,"1 Bed Apartment in Kileleshwa for KSh 55,000 / month | BuyRentKenya",Kileleshwa,Kileleshwa,1.0,1.0,,55000,2026-04-27 10:55:56+00:00,flats-apartments-for-rent/nairobi,rent,3980551,apartment,False
https://www.buyrentkenya.com/listings/2-bedroom-apartment-for-rent-kilimani-3980464,"2 Bed Apartment at Kindaruma Road for KSh 80,000 / month | BuyRentKenya",Kilimani,Kilimani,2.0,2.0,61.0,80000,2026-04-27 10:28:38+00:00,flats-apartments-for-rent/nairobi,rent,3980464,apartment,False
https://www.buyrentkenya.com/listings/3-bedroom-apartment-for-rent-spring-valley-3980467,"3 Bed Apartment at Peponi Road for KSh 300,000 / month | BuyRentKenya",Spring Valley,Westlands,3.0,4.0,120.0,300000,2026-04-27 09:20:33+00:00,flats-apartments-for-rent/nairobi,rent,3980467,apartment,False
https://www.buyrentkenya.com/listings/3-bedroom-apartment-for-rent-kileleshwa-3980448,"3 Bed Apartment in Kileleshwa for KSh 80,000 / month | BuyRentKenya",Kileleshwa,Kileleshwa,3.0,3.0,,80000,2026-04-27 09:00:59+00:00,flats-apartments-for-rent/nairobi,rent,3980448,apartment,False
https://www.buyrentkenya.com/listings/4-bedroom-apartment-for-rent-lavington-3980445,"4 Bed Apartment in Lavington for KSh 170,000 / month | BuyRentKenya",Lavington,Lavington,4.0,5.0,,170000,2026-04-27 08:59:43+00:00,flats-apartments-for-rent/nairobi,rent,3980445,apartment,False
https://www.buyrentkenya.com/listings/4-bedroom-apartment-for-rent-lavington-3980446,"4 Bed Apartment in Lavington for KSh 200,000 / month | BuyRentKenya",Lavington,Lavington,4.0,5.0,,200000,2026-04-27 08:59:41+00:00,flats-apartments-for-rent/nairobi,rent,3980446,apartment,False
https://www.buyrentkenya.com/listings/2-bedroom-apartment-for-rent-westlands-area-3980442,"2 Bed Apartment at Westlands for KSh 140,000 / month | BuyRentKenya",Westlands Area,Westlands,2.0,2.0,,140000,2026-04-27 08:59:16+00:00,flats-apartments-for-rent/nairobi,rent,3980442,apartment,False
https://www.buyrentkenya.com/listings/3-bedroom-apartment-for-rent-kileleshwa-3980441,"3 Bed Apartment at Nyeri Close for KSh 180,000 / month | BuyRentKenya",Kileleshwa,Kileleshwa,3.0,3.0,130.0,180000,2026-04-27 08:54:44+00:00,flats-apartments-for-rent/nairobi,rent,3980441,apartment,False
https://www.buyrentkenya.com/listings/3-bedroom-apartment-for-rent-riverside-3980416,"3 Bed Apartment at Riverside Drive for KSh 250,000 / month | BuyRentKenya",Riverside,Westlands,3.0,3.0,299.0,250000,2026-04-27 08:27:06+00:00,flats-apartments-for-rent/nairobi,rent,3980416,apartment,False
https://www.buyrentkenya.com/listings/3-bedroom-apartment-for-rent-hurlingham-3963181,"3 Bed Apartment at Hurlingham for KSh 150,000 / month | BuyRentKenya",Hurlingham,Hurlingham,3.0,2.0,,150000,2026-04-01 18:58:36+00:00,flats-apartments-for-rent/nairobi,rent,3963181,apartment,False
https://www.buyrentkenya.com/listings/3-bedroom-apartment-for-rent-brookside-3959381,"3 Bed Apartment in Brookside for KSh 165,000 / month | BuyRentKenya",Brookside,Westlands,3.0,4.0,170.0,165000,2026-03-26 08:57:40+00:00,flats-apartments-for-rent/nairobi,rent,3959381,apartment,False
https://www.buyrentkenya.com/listings/furnished-2-bedroom-apartment-for-rent-riverside-3960300,"Furnished 2 Bed Apartment in Riverside for KSh 270,000 / month | BuyRentKenya",Riverside,Westlands,2.0,2.0,300.0,270000,2026-03-27 09:57:50+00:00,flats-apartments-for-rent/nairobi,rent,3960300,apartment,True
https://www.buyrentkenya.com/listings/4-bedroom-apartment-for-rent-riverside-3980389,"4 Bed Apartment at Riverside Drive for KSh 300,000 / month | BuyRentKenya",Riverside,Westlands,4.0,4.0,300.0,300000,2026-04-27 08:16:19+00:00,flats-apartments-for-rent/nairobi,rent,3980389,apartment,False
https://www.buyrentkenya.com/listings/2-bedroom-apartment-for-rent-kilimani-3980333,"2 Bed Apartment at Kindaruma Road for KSh 80,000 / month | BuyRentKenya",Kilimani,Kilimani,2.0,2.0,85.0,80000,2026-04-27 08:03:07+00:00,flats-apartments-for-rent/nairobi,rent,3980333,apartment,False
https://www.buyrentkenya.com/listings/1-bedroom-apartment-for-rent-state-house-3980276,"1 Bed Apartment at Statehouse for KSh 80,000 / month | BuyRentKenya",State House,State House,1.0,2.0,120.0,80000,2026-04-27 07:26:00+00:00,flats-apartments-for-rent/nairobi,rent,3980276,apartment,False
https://www.buyrentkenya.com/listings/4-bedroom-apartment-for-rent-lavington-3980275,"4 Bed Apartment at Lavington for KSh 220,000 / month | BuyRentKenya",Lavington,Lavington,4.0,4.0,,220000,2026-04-27 07:21:49+00:00,flats-apartments-for-rent/nairobi,rent,3980275,apartment,False
https://www.buyrentkenya.com/listings/4-bedroom-apartment-for-rent-spring-valley-3980272,"4 Bed Apartment in Spring Valley for KSh 460,000 / month | BuyRentKenya",Spring Valley,Westlands,4.0,4.0,320.0,460000,2026-04-27 07:17:19+00:00,flats-apartments-for-rent/nairobi,rent,3980272,apartment,False
https://www.buyrentkenya.com/listings/furnished-3-bedroom-apartment-for-rent-riverside-3978759,"Furnished 3 Bed Apartment in Riverside for KSh 380,000 / month | BuyRentKenya",Riverside,Westlands,3.0,3.0,220.0,380000,2026-04-23 15:34:23+00:00,flats-apartments-for-rent/nairobi,rent,3978759,apartment,True
https://www.buyrentkenya.com/listings/furnished-2-bedroom-apartment-for-rent-westlands-area-3980260,"Furnished 2 Bed Apartment in Westlands Area for KSh 271,215 / month | BuyRentKenya",Westlands Area,Westlands,2.0,2.0,,271215,2026-04-27 07:05:54+00:00,flats-apartments-for-rent/nairobi,rent,3980260,apartment,True
https://www.buyrentkenya.com/listings/4-bedroom-apartment-for-rent-parklands-3980195,"4 Bed Apartment in Parklands for KSh 180,000 / month | BuyRentKenya",Parklands,Westlands,4.0,4.0,131.0,180000,2026-04-27 06:36:06+00:00,flats-apartments-for-rent/nairobi,rent,3980195,apartment,False
https://www.buyrentkenya.com/listings/furnished-2-bedroom-apartment-for-rent-westlands-area-3980219,"Furnished 2 Bed Apartment in Westlands Area for KSh 175,000 / month | BuyRentKenya",Westlands Area,Westlands,2.0,2.0,,175000,2026-04-27 06:46:16+00:00,flats-apartments-for-rent/nairobi,rent,3980219,apartment,True
https://www.buyrentkenya.com/listings/2-bedroom-apartment-for-rent-westlands-area-3980221,"2 Bed Apartment in Westlands Area for KSh 95,000 / month | BuyRentKenya",Westlands Area,Westlands,2.0,2.0,,95000,2026-04-27 06:42:37+00:00,flats-apartments-for-rent/nairobi,rent,3980221,apartment,False
https://www.buyrentkenya.com/listings/2-bedroom-apartment-for-rent-westlands-area-3980220,"2 Bed Apartment in Westlands Area for KSh 100,000 / month | BuyRentKenya",Westlands Area,Westlands,2.0,2.0,88.0,100000,2026-04-27 06:42:17+00:00,flats-apartments-for-rent/nairobi,rent,3980220,apartment,False
https://www.buyrentkenya.com/listings/3-bedroom-apartment-for-rent-kilimani-3980216,"3 Bed Apartment in Kilimani for KSh 90,000 / month | BuyRentKenya",Kilimani,Kilimani,3.0,3.0,61.0,90000,2026-04-27 06:39:36+00:00,flats-apartments-for-rent/nairobi,rent,3980216,apartment,False
https://www.buyrentkenya.com/listings/3-bedroom-apartment-for-rent-kilimani-3980207,"3 Bed Apartment in Kilimani for KSh 100,000 / month | BuyRentKenya",Kilimani,Kilimani,3.0,3.0,,100000,2026-04-27 06:38:23+00:00,flats-apartments-for-rent/nairobi,rent,3980207,apartment,False
https://www.buyrentkenya.com/listings/2-bedroom-apartment-for-rent-kilimani-3980204,"2 Bed Apartment in Kilimani for KSh 75,000 / month | BuyRentKenya",Kilimani,Kilimani,2.0,2.0,55.0,75000,2026-04-27 06:36:49+00:00,flats-apartments-for-rent/nairobi,rent,3980204,apartment,False
https://www.buyrentkenya.com/listings/2-bedroom-apartment-for-rent-kilimani-3980203,"2 Bed Apartment in Kilimani for KSh 75,000 / month | BuyRentKenya",Kilimani,Kilimani,2.0,2.0,,75000,2026-04-27 06:36:45+00:00,flats-apartments-for-rent/nairobi,rent,3980203,apartment,False
https://www.buyrentkenya.com/listings/1-bedroom-apartment-for-rent-kilimani-3980199,"1 Bed Apartment in Kilimani for KSh 55,000 / month | BuyRentKenya",Kilimani,Kilimani,1.0,1.0,65.0,55000,2026-04-27 06:34:41+00:00,flats-apartments-for-rent/nairobi,rent,3980199,apartment,False
https://www.buyrentkenya.com/listings/1-bedroom-apartment-for-rent-kilimani-3980201,"1 Bed Apartment in Kilimani for KSh 55,000 / month | BuyRentKenya",Kilimani,Kilimani,1.0,1.0,65.0,55000,2026-04-27 06:34:39+00:00,flats-apartments-for-rent/nairobi,rent,3980201,apartment,False
https://www.buyrentkenya.com/listings/4-bedroom-apartment-for-rent-westlands-area-3980165,"4 Bed Apartment in Westlands Area for KSh 380,000 / month | BuyRentKenya",Westlands Area,Westlands,4.0,4.0,,380000,2026-04-27 06:20:52+00:00,flats-apartments-for-rent/nairobi,rent,3980165,apartment,False
https://www.buyrentkenya.com/listings/3-bedroom-apartment-for-rent-kileleshwa-3980152,"3 Bed Apartment in Kileleshwa for KSh 100,000 / month | BuyRentKenya",Kileleshwa,Kileleshwa,3.0,3.0,125.0,100000,2026-04-27 06:07:38+00:00,flats-apartments-for-rent/nairobi,rent,3980152,apartment,False
https://www.buyrentkenya.com/listings/3-bedroom-apartment-for-rent-kileleshwa-3980150,"3 Bed Apartment in Kileleshwa for KSh 80,000 / month | BuyRentKenya",Kileleshwa,Kileleshwa,3.0,3.0,,80000,2026-04-27 06:07:35+00:00,flats-apartments-for-rent/nairobi,rent,3980150,apartment,False
https://www.buyrentkenya.com/listings/3-bedroom-apartment-for-rent-kileleshwa-3980151,"3 Bed Apartment in Kileleshwa for KSh 100,000 / month | BuyRentKenya",Kileleshwa,Kileleshwa,3.0,3.0,220.0,100000,2026-04-27 06:07:32+00:00,flats-apartments-for-rent/nairobi,rent,3980151,apartment,False
https://www.buyrentkenya.com/listings/2-bedroom-apartment-for-rent-lavington-3980145,"2 Bed Apartment in Lavington for KSh 75,000 / month | BuyRentKenya",Lavington,Lavington,2.0,2.0,,75000,2026-04-27 06:04:16+00:00,flats-apartments-for-rent/nairobi,rent,3980145,apartment,False
https://www.buyrentkenya.com/listings/furnished-2-bedroom-apartment-for-rent-westlands-area-1-3796757,"Furnished 2 Bed Apartment at Ojijo for KSh 156,000 / month | BuyRentKenya",Westlands Area,Westlands,2.0,2.0,100.0,156000,2026-04-22 10:48:59+00:00,flats-apartments-for-rent/nairobi,rent,3796757,apartment,True
https://www.buyrentkenya.com/listings/1-bedroom-apartment-for-rent-westlands-area-3872523,"1 Bed Apartment at Westlands Road for KSh 80,000 / month | BuyRentKenya",Westlands Area,Westlands,1.0,1.0,58.0,80000,2026-04-07 08:45:30+00:00,flats-apartments-for-rent/nairobi,rent,3872523,apartment,False
https://www.buyrentkenya.com/listings/furnished-2-bedroom-apartment-for-rent-westlands-area-3945763,"Furnished 2 Bed Apartment in Westlands Area for KSh 170,000 / month | BuyRentKenya",Westlands Area,Westlands,2.0,2.0,300.0,170000,2026-04-20 12:39:26+00:00,flats-apartments-for-rent/nairobi,rent,3945763,apartment,True
https://www.buyrentkenya.com/listings/2-bedroom-apartment-for-rent-lavington-3980144,"2 Bed Apartment in Lavington for KSh 85,000 / month | BuyRentKenya",Lavington,Lavington,2.0,2.0,111.0,85000,2026-04-27 06:04:14+00:00,flats-apartments-for-rent/nairobi,rent,3980144,apartment,False
https://www.buyrentkenya.com/listings/1-bedroom-apartment-for-rent-lavington-3980141,"1 Bed Apartment in Lavington for KSh 60,000 / month | BuyRentKenya",Lavington,Lavington,1.0,1.0,,60000,2026-04-27 06:02:36+00:00,flats-apartments-for-rent/nairobi,rent,3980141,apartment,False
https://www.buyrentkenya.com/listings/2-bedroom-apartment-for-rent-westlands-area-3980121,"2 Bed Apartment in Westlands Area for KSh 240,000 / month | BuyRentKenya",Westlands Area,Westlands,2.0,2.0,,240000,2026-04-27 06:00:48+00:00,flats-apartments-for-rent/nairobi,rent,3980121,apartment,False
https://www.buyrentkenya.com/listings/1-bedroom-apartment-for-rent-lavington-3980070,"1 Bed Apartment in Lavington for KSh 55,000 / month | BuyRentKenya",Lavington,Lavington,1.0,1.0,,55000,2026-04-27 05:20:12+00:00,flats-apartments-for-rent/nairobi,rent,3980070,apartment,False
https://www.buyrentkenya.com/listings/2-bedroom-apartment-for-rent-lavington-3980061,"2 Bed Apartment at Lavington Valley Arcade for KSh 70,000 / month | BuyRentKenya",Lavington,Lavington,2.0,3.0,80.0,70000,2026-04-27 04:44:31+00:00,flats-apartments-for-rent/nairobi,rent,3980061,apartment,False
https://www.buyrentkenya.com/listings/1-bedroom-apartment-for-rent-riverside-3976480,"1 Bed Apartment in Riverside for KSh 80,000 / month | BuyRentKenya",Riverside,Westlands,1.0,1.0,,80000,2026-04-26 20:37:31+00:00,flats-apartments-for-rent/nairobi,rent,3976480,apartment,False
https://www.buyrentkenya.com/listings/3-bedroom-apartment-for-rent-westlands-area-3979919,"Serviced 3 Bed Apartment at Brookside Drive for KSh 165,000 / month | BuyRentKenya",Westlands Area,Westlands,3.0,4.0,,165000,2026-04-25 20:21:32+00:00,flats-apartments-for-rent/nairobi,rent,3979919,apartment,True
https://www.buyrentkenya.com/listings/2-bedroom-apartment-for-rent-westlands-area-3979924,"2 Bed Apartment at Brookside Drive for KSh 137,500 / month | BuyRentKenya",Westlands Area,Westlands,2.0,3.0,125.0,137500,2026-04-25 20:44:59+00:00,flats-apartments-for-rent/nairobi,rent,3979924,apartment,False
https://www.buyrentkenya.com/listings/3-bedroom-apartment-for-rent-westlands-area-3921480,"3 Bed Apartment at Off Thigiri Road Off Peponi Road for KSh 280,000 / month | BuyRentKenya",Westlands Area,Westlands,3.0,4.0,,280000,2026-04-26 19:38:53+00:00,flats-apartments-for-rent/nairobi,rent,3921480,apartment,False
https://www.buyrentkenya.com/listings/2-bedroom-apartment-for-rent-lavington-3980038,"Serviced 2 Bed Apartment at Valley Arcade for KSh 70,000 / month | BuyRentKenya",Lavington,Lavington,2.0,2.0,,70000,2026-04-26 19:01:27+00:00,flats-apartments-for-rent/nairobi,rent,3980038,apartment,True
https://www.buyrentkenya.com/listings/3-bedroom-apartment-for-rent-westlands-area-3980028,"3 Bed Apartment in Westlands Area for KSh 140,000 / month | BuyRentKenya",Westlands Area,Westlands,3.0,3.0,,140000,2026-04-26 16:25:39+00:00,flats-apartments-for-rent/nairobi,rent,3980028,apartment,False
https://www.buyrentkenya.com/listings/3-bedroom-apartment-for-rent-kilimani-3980020,"3 Bed Apartment in Kilimani for KSh 80,000 / month | BuyRentKenya",Kilimani,Kilimani,3.0,2.0,61.0,80000,2026-04-26 12:16:35+00:00,flats-apartments-for-rent/nairobi,rent,3980020,apartment,False
https://www.buyrentkenya.com/listings/3-bedroom-apartment-for-rent-kileleshwa-3977188,"3 Bed Apartment at Nyeri Road for KSh 250,000 / month | BuyRentKenya",Kileleshwa,Kileleshwa,3.0,3.0,144.0,250000,2026-04-21 21:08:38+00:00,flats-apartments-for-rent/nairobi,rent,3977188,apartment,False
https://www.buyrentkenya.com/listings/furnished-3-bedroom-apartment-for-rent-kilimani-3979807,"Furnished 3 Bed Apartment at Tigoni Rd for KSh 190,000 / month | BuyRentKenya",Kilimani,Kilimani,3.0,3.0,350.0,190000,2026-04-26 09:29:23+00:00,flats-apartments-for-rent/nairobi,rent,3979807,apartment,True
https://www.buyrentkenya.com/listings/2-bedroom-apartment-for-rent-westlands-area-3979934,"2 Bed Apartment in Westlands Area for KSh 80,000 / month | BuyRentKenya",Westlands Area,Westlands,2.0,2.0,,80000,2026-04-26 05:09:39+00:00,flats-apartments-for-rent/nairobi,rent,3979934,apartment,False
https://www.buyrentkenya.com/listings/3-bedroom-apartment-for-rent-westlands-area-3979928,"3 Bed Apartment at Brookside Drive for KSh 130,000 / month | BuyRentKenya",Westlands Area,Westlands,3.0,4.0,125.0,130000,2026-04-25 21:07:24+00:00,flats-apartments-for-rent/nairobi,rent,3979928,apartment,False
https://www.buyrentkenya.com/listings/3-bedroom-apartment-for-rent-westlands-area-3979927,"3 Bed Apartment at Brookside Drive for KSh 130,000 / month | BuyRentKenya",Westlands Area,Westlands,3.0,4.0,210.0,130000,2026-04-25 21:04:39+00:00,flats-apartments-for-rent/nairobi,rent,3979927,apartment,False
https://www.buyrentkenya.com/listings/2-bedroom-apartment-for-rent-brookside-3979925,"2 Bed Apartment in Brookside for KSh 137,500 / month | BuyRentKenya",Brookside,Westlands,2.0,3.0,160.0,137500,2026-04-25 20:47:30+00:00,flats-apartments-for-rent/nairobi,rent,3979925,apartment,False
https://www.buyrentkenya.com/listings/2-bedroom-apartment-for-rent-westlands-area-3979923,"2 Bed Apartment at Brookside Drive for KSh 137,500 / month | BuyRentKenya",Westlands Area,Westlands,2.0,3.0,,137500,2026-04-25 20:42:26+00:00,flats-apartments-for-rent/nairobi,rent,3979923,apartment,False
https://www.buyrentkenya.com/listings/3-bedroom-apartment-for-rent-brookside-3979922,"3 Bed Apartment in Brookside for KSh 165,000 / month | BuyRentKenya",Brookside,Westlands,3.0,4.0,,165000,2026-04-25 20:32:04+00:00,flats-apartments-for-rent/nairobi,rent,3979922,apartment,False
https://www.buyrentkenya.com/listings/3-bedroom-apartment-for-rent-westlands-area-3979921,"3 Bed Apartment at Brookside Drive for KSh 165,000 / month | BuyRentKenya",Westlands Area,Westlands,3.0,4.0,300.0,165000,2026-04-25 20:29:27+00:00,flats-apartments-for-rent/nairobi,rent,3979921,apartment,False
https://www.buyrentkenya.com/listings/4-bedroom-apartment-for-rent-westlands-area-3979907,"4 Bed Apartment in Westlands Area for KSh 460,000 / month | BuyRentKenya",Westlands Area,Westlands,4.0,6.0,,460000,2026-04-25 19:41:11+00:00,flats-apartments-for-rent/nairobi,rent,3979907,apartment,False
https://www.buyrentkenya.com/listings/2-bedroom-apartment-for-rent-south-b-3900779,"2 Bed Apartment at Plainsview for KSh 60,000 / month | BuyRentKenya",South B,South B,2.0,2.0,,60000,2026-03-16 07:00:48+00:00,flats-apartments-for-rent/nairobi,rent,3900779,apartment,False
https://www.buyrentkenya.com/listings/furnished-2-bedroom-apartment-for-rent-westlands-area-3931946,"Serviced 2 Bed Apartment in Westlands Area for KSh 170,000 / month | BuyRentKenya",Westlands Area,Westlands,2.0,2.0,,170000,2026-04-15 07:52:30+00:00,flats-apartments-for-rent/nairobi,rent,3931946,apartment,True
https://www.buyrentkenya.com/listings/3-bedroom-apartment-for-rent-upper-hill-3917155,"3 Bed Apartment at Matumbato for KSh 90,000 / month | BuyRentKenya",Upper Hill,Upper Hill,3.0,4.0,88.0,90000,2026-04-27 05:07:46+00:00,flats-apartments-for-rent/nairobi,rent,3917155,apartment,False
https://www.buyrentkenya.com/listings/3-bedroom-apartment-for-rent-kileleshwa-3979876,"3 Bed Apartment in Kileleshwa for KSh 170,000 / month | BuyRentKenya",Kileleshwa,Kileleshwa,3.0,4.0,,170000,2026-04-25 15:20:43+00:00,flats-apartments-for-rent/nairobi,rent,3979876,apartment,False
https://www.buyrentkenya.com/listings/3-bedroom-apartment-for-rent-kileleshwa-3979870,"3 Bed Apartment in Kileleshwa for KSh 130,000 / month | BuyRentKenya",Kileleshwa,Kileleshwa,3.0,3.0,100.0,130000,2026-04-25 12:33:33+00:00,flats-apartments-for-rent/nairobi,rent,3979870,apartment,False
https://www.buyrentkenya.com/listings/4-bedroom-apartment-for-rent-general-mathenge-3979862,"4 Bed Apartment in General Mathenge for KSh 250,000 / month | BuyRentKenya",General Mathenge,Westlands,4.0,4.0,,250000,2026-04-25 11:20:05+00:00,flats-apartments-for-rent/nairobi,rent,3979862,apartment,False
https://www.buyrentkenya.com/listings/3-bedroom-apartment-for-rent-general-mathenge-3979860,"3 Bed Apartment in General Mathenge for KSh 180,000 / month | BuyRentKenya",General Mathenge,Westlands,3.0,3.0,,180000,2026-04-25 11:12:12+00:00,flats-apartments-for-rent/nairobi,rent,3979860,apartment,False
https://www.buyrentkenya.com/listings/4-bedroom-apartment-for-rent-westlands-area-3979840,"4 Bed Apartment in Westlands Area for KSh 350,000 / month | BuyRentKenya",Westlands Area,Westlands,4.0,4.0,,350000,2026-04-25 10:56:28+00:00,flats-apartments-for-rent/nairobi,rent,3979840,apartment,False
https://www.buyrentkenya.com/listings/4-bedroom-apartment-for-rent-westlands-area-3979827,"4 Bed Apartment in Westlands Area for KSh 380,000 / month | BuyRentKenya",Westlands Area,Westlands,4.0,4.0,88.0,380000,2026-04-25 10:40:51+00:00,flats-apartments-for-rent/nairobi,rent,3979827,apartment,False
https://www.buyrentkenya.com/listings/furnished-4-bedroom-apartment-for-rent-westlands-area-3979817,"Furnished 4 Bed Apartment in Westlands Area for KSh 500,000 / month | BuyRentKenya",Westlands Area,Westlands,4.0,4.0,,500000,2026-04-25 10:30:45+00:00,flats-apartments-for-rent/nairobi,rent,3979817,apartment,True
https://www.buyrentkenya.com/listings/3-bedroom-apartment-for-rent-westlands-area-3979811,"3 Bed Apartment in Westlands Area for KSh 165,000 / month | BuyRentKenya",Westlands Area,Westlands,3.0,3.0,400.0,165000,2026-04-25 10:19:57+00:00,flats-apartments-for-rent/nairobi,rent,3979811,apartment,False
https://www.buyrentkenya.com/listings/4-bedroom-apartment-for-rent-rosslyn-3979800,"4 Bed Apartment in Rosslyn for KSh 350,000 / month | BuyRentKenya",Rosslyn,Westlands,4.0,4.0,,350000,2026-04-25 10:01:02+00:00,flats-apartments-for-rent/nairobi,rent,3979800,apartment,False
https://www.buyrentkenya.com/listings/4-bedroom-apartment-for-rent-westlands-area-3979797,"4 Bed Apartment in Westlands Area for KSh 380,000 / month | BuyRentKenya",Westlands Area,Westlands,4.0,4.0,,380000,2026-04-25 09:55:53+00:00,flats-apartments-for-rent/nairobi,rent,3979797,apartment,False
https://www.buyrentkenya.com/listings/3-bedroom-apartment-for-rent-kileleshwa-3979790,"3 Bed Apartment in Kileleshwa for KSh 100,000 / month | BuyRentKenya",Kileleshwa,Kileleshwa,3.0,3.0,,100000,2026-04-25 09:34:04+00:00,flats-apartments-for-rent/nairobi,rent,3979790,apartment,False
https://www.buyrentkenya.com/listings/3-bedroom-apartment-for-rent-kileleshwa-3979789,"3 Bed Apartment in Kileleshwa for KSh 80,000 / month | BuyRentKenya",Kileleshwa,Kileleshwa,3.0,3.0,,80000,2026-04-25 09:34:01+00:00,flats-apartments-for-rent/nairobi,rent,3979789,apartment,False
https://www.buyrentkenya.com/listings/3-bedroom-apartment-for-rent-kileleshwa-3979791,"3 Bed Apartment in Kileleshwa for KSh 100,000 / month | BuyRentKenya",Kileleshwa,Kileleshwa,3.0,3.0,220.0,100000,2026-04-25 09:33:36+00:00,flats-apartments-for-rent/nairobi,rent,3979791,apartment,False
https://www.buyrentkenya.com/listings/2-bedroom-apartment-for-rent-kileleshwa-3979787,"2 Bed Apartment in Kileleshwa for KSh 75,000 / month | BuyRentKenya",Kileleshwa,Kileleshwa,2.0,2.0,,75000,2026-04-25 09:31:09+00:00,flats-apartments-for-rent/nairobi,rent,3979787,apartment,False
https://www.buyrentkenya.com/listings/2-bedroom-apartment-for-rent-kileleshwa-3979788,"2 Bed Apartment in Kileleshwa for KSh 85,000 / month | BuyRentKenya",Kileleshwa,Kileleshwa,2.0,2.0,,85000,2026-04-25 09:31:03+00:00,flats-apartments-for-rent/nairobi,rent,3979788,apartment,False
https://www.buyrentkenya.com/listings/2-bedroom-apartment-for-rent-westlands-area-3979779,"2 Bed Apartment at Westlands Rd for KSh 90,000 / month | BuyRentKenya",Westlands Area,Westlands,2.0,2.0,88.0,90000,2026-04-25 09:30:21+00:00,flats-apartments-for-rent/nairobi,rent,3979779,apartment,False
https://www.buyrentkenya.com/listings/3-bedroom-apartment-for-rent-lavington-3979785,"3 Bed Apartment in Lavington for KSh 80,000 / month | BuyRentKenya",Lavington,Lavington,3.0,3.0,,80000,2026-04-25 09:29:03+00:00,flats-apartments-for-rent/nairobi,rent,3979785,apartment,False
https://www.buyrentkenya.com/listings/1-bedroom-apartment-for-rent-lavington-3979783,"1 Bed Apartment in Lavington for KSh 65,000 / month | BuyRentKenya",Lavington,Lavington,1.0,1.0,80.0,65000,2026-04-25 09:27:48+00:00,flats-apartments-for-rent/nairobi,rent,3979783,apartment,False
https://www.buyrentkenya.com/listings/1-bedroom-apartment-for-rent-lavington-3979782,"1 Bed Apartment in Lavington for KSh 60,000 / month | BuyRentKenya",Lavington,Lavington,1.0,1.0,80.0,60000,2026-04-25 09:27:46+00:00,flats-apartments-for-rent/nairobi,rent,3979782,apartment,False
https://www.buyrentkenya.com/listings/1-bedroom-apartment-for-rent-lavington-3979781,"1 Bed Apartment in Lavington for KSh 65,000 / month | BuyRentKenya",Lavington,Lavington,1.0,1.0,,65000,2026-04-25 09:27:44+00:00,flats-apartments-for-rent/nairobi,rent,3979781,apartment,False
https://www.buyrentkenya.com/listings/2-bedroom-apartment-for-rent-kilimani-3979742,"2 Bed Apartment in Kilimani for KSh 140,000 / month | BuyRentKenya",Kilimani,Kilimani,2.0,2.0,,140000,2026-04-25 08:48:11+00:00,flats-apartments-for-rent/nairobi,rent,3979742,apartment,False
https://www.buyrentkenya.com/listings/2-bedroom-apartment-for-rent-kilimani-3979735,"2 Bed Apartment in Kilimani for KSh 90,000 / month | BuyRentKenya",Kilimani,Kilimani,2.0,2.0,,90000,2026-04-25 08:30:36+00:00,flats-apartments-for-rent/nairobi,rent,3979735,apartment,False
https://www.buyrentkenya.com/listings/furnished-1-bedroom-apartment-for-rent-rhapta-road-1-3752516,"Serviced 1 Bed Apartment at Sports Road for KSh 130,000 / month | BuyRentKenya",Rhapta Road,Westlands,1.0,1.0,65.0,130000,2026-04-14 06:49:51+00:00,flats-apartments-for-rent/nairobi,rent,3752516,apartment,True
https://www.buyrentkenya.com/listings/2-bedroom-apartment-for-rent-nyari-2-3646911,"2 Bed Apartment in Nyari for KSh 160,000 / month | BuyRentKenya",Nyari,Westlands,2.0,2.0,,160000,2026-04-10 09:28:05+00:00,flats-apartments-for-rent/nairobi,rent,3646911,apartment,False
https://www.buyrentkenya.com/listings/furnished-2-bedroom-apartment-for-rent-rhapta-road-2-3752590,"Serviced 2 Bed Apartment at Sports Road for KSh 160,000 / month | BuyRentKenya",Rhapta Road,Westlands,2.0,2.0,130.0,160000,2026-04-14 06:46:09+00:00,flats-apartments-for-rent/nairobi,rent,3752590,apartment,True
https://www.buyrentkenya.com/listings/2-bedroom-apartment-for-rent-westlands-area-3961640,"2 Bed Apartment at Brookside Dr for KSh 140,000 / month | BuyRentKenya",Westlands Area,Westlands,2.0,2.0,125.0,140000,2026-04-24 07:32:49+00:00,flats-apartments-for-rent/nairobi,rent,3961640,apartment,False
https://www.buyrentkenya.com/listings/3-bedroom-apartment-for-rent-parklands-3979694,"3 Bed Apartment in Parklands for KSh 85,000 / month | BuyRentKenya",Parklands,Westlands,3.0,,140.0,85000,2026-04-25 08:01:02+00:00,flats-apartments-for-rent/nairobi,rent,3979694,apartment,False
https://www.buyrentkenya.com/listings/3-bedroom-apartment-for-rent-riverside-3979652,"3 Bed Apartment in Riverside for KSh 350,000 / month | BuyRentKenya",Riverside,Westlands,3.0,3.0,,350000,2026-04-25 06:23:00+00:00,flats-apartments-for-rent/nairobi,rent,3979652,apartment,False
https://www.buyrentkenya.com/listings/3-bedroom-apartment-for-rent-riverside-3979635,"3 Bed Apartment in Riverside for KSh 300,000 / month | BuyRentKenya",Riverside,Westlands,3.0,3.0,185.0,300000,2026-04-25 06:03:48+00:00,flats-apartments-for-rent/nairobi,rent,3979635,apartment,False
https://www.buyrentkenya.com/listings/3-bedroom-apartment-for-rent-kilimani-3979633,"3 Bed Apartment in Kilimani for KSh 150,000 / month | BuyRentKenya",Kilimani,Kilimani,3.0,4.0,,150000,2026-04-25 05:31:51+00:00,flats-apartments-for-rent/nairobi,rent,3979633,apartment,False
https://www.buyrentkenya.com/listings/3-bedroom-apartment-for-rent-riverside-3979632,"3 Bed Apartment at Walk Distance To Riverside Square for KSh 180,000 / month | BuyRentKenya",Riverside,Westlands,3.0,4.0,320.0,180000,2026-04-25 05:25:20+00:00,flats-apartments-for-rent/nairobi,rent,3979632,apartment,False
https://www.buyrentkenya.com/listings/2-bedroom-apartment-for-rent-kilimani-3979631,"2 Bed Apartment in Kilimani for KSh 90,000 / month | BuyRentKenya",Kilimani,Kilimani,2.0,2.0,114.0,90000,2026-04-25 05:24:18+00:00,flats-apartments-for-rent/nairobi,rent,3979631,apartment,False
https://www.buyrentkenya.com/listings/furnished-1-bedroom-apartment-for-rent-kilimani-3979630,"Serviced 1 Bed Apartment at Kilimani for KSh 75,000 / month | BuyRentKenya",Kilimani,Kilimani,1.0,1.0,85.0,75000,2026-04-25 05:08:00+00:00,flats-apartments-for-rent/nairobi,rent,3979630,apartment,True
https://www.buyrentkenya.com/listings/1-bedroom-apartment-for-rent-kilimani-3979628,"1 Bed Apartment in Kilimani for KSh 55,000 / month | BuyRentKenya",Kilimani,Kilimani,1.0,1.0,,55000,2026-04-25 04:50:59+00:00,flats-apartments-for-rent/nairobi,rent,3979628,apartment,False
https://www.buyrentkenya.com/listings/2-bedroom-apartment-for-rent-brookside-3979623,"2 Bed Apartment at Brookside Drive for KSh 150,000 / month | BuyRentKenya",Brookside,Westlands,2.0,3.0,,150000,2026-04-24 22:59:24+00:00,flats-apartments-for-rent/nairobi,rent,3979623,apartment,False
https://www.buyrentkenya.com/listings/1-bedroom-apartment-for-rent-kilimani-3979609,"1 Bed Apartment in Kilimani for KSh 65,000 / month | BuyRentKenya",Kilimani,Kilimani,1.0,1.0,60.0,65000,2026-04-24 16:13:35+00:00,flats-apartments-for-rent/nairobi,rent,3979609,apartment,False
https://www.buyrentkenya.com/listings/3-bedroom-apartment-for-rent-lavington-3979605,"3 Bed Apartment in Lavington for KSh 150,000 / month | BuyRentKenya",Lavington,Lavington,3.0,4.0,140.0,150000,2026-04-24 15:59:35+00:00,flats-apartments-for-rent/nairobi,rent,3979605,apartment,False
https://www.buyrentkenya.com/listings/3-bedroom-apartment-for-rent-kileleshwa-3979602,"3 Bed Apartment in Kileleshwa for KSh 150,000 / month | BuyRentKenya",Kileleshwa,Kileleshwa,3.0,5.0,150.0,150000,2026-04-24 15:46:44+00:00,flats-apartments-for-rent/nairobi,rent,3979602,apartment,False
https://www.buyrentkenya.com/listings/3-bedroom-apartment-for-rent-brookside-3979601,"Serviced 3 Bed Apartment at Brookside for KSh 200,000 / month | BuyRentKenya",Brookside,Westlands,3.0,4.0,,200000,2026-04-24 15:36:44+00:00,flats-apartments-for-rent/nairobi,rent,3979601,apartment,True
https://www.buyrentkenya.com/listings/1-bedroom-apartment-for-rent-lavington-3979600,"1 Bed Apartment in Lavington for KSh 55,000 / month | BuyRentKenya",Lavington,Lavington,1.0,1.0,,55000,2026-04-24 15:33:19+00:00,flats-apartments-for-rent/nairobi,rent,3979600,apartment,False
https://www.buyrentkenya.com/listings/2-bedroom-apartment-for-rent-westlands-area-3979598,"2 Bed Apartment in Westlands Area for KSh 95,000 / month | BuyRentKenya",Westlands Area,Westlands,2.0,2.0,88.0,95000,2026-04-24 15:20:00+00:00,flats-apartments-for-rent/nairobi,rent,3979598,apartment,False
https://www.buyrentkenya.com/listings/2-bedroom-apartment-for-rent-westlands-area-3979595,"2 Bed Apartment in Westlands Area for KSh 105,000 / month | BuyRentKenya",Westlands Area,Westlands,2.0,3.0,88.0,105000,2026-04-24 15:08:58+00:00,flats-apartments-for-rent/nairobi,rent,3979595,apartment,False
https://www.buyrentkenya.com/listings/2-bedroom-apartment-for-rent-westlands-area-3979594,"2 Bed Apartment in Westlands Area for KSh 100,000 / month | BuyRentKenya",Westlands Area,Westlands,2.0,3.0,88.0,100000,2026-04-24 15:05:12+00:00,flats-apartments-for-rent/nairobi,rent,3979594,apartment,False
https://www.buyrentkenya.com/listings/2-bedroom-apartment-for-rent-westlands-area-3979593,"2 Bed Apartment in Westlands Area for KSh 95,000 / month | BuyRentKenya",Westlands Area,Westlands,2.0,3.0,88.0,95000,2026-04-24 15:02:37+00:00,flats-apartments-for-rent/nairobi,rent,3979593,apartment,False
https://www.buyrentkenya.com/listings/2-bedroom-apartment-for-rent-westlands-area-3977720,"2 Bed Apartment in Westlands Area for KSh 95,000 / month | BuyRentKenya",Westlands Area,Westlands,2.0,2.0,140.0,95000,2026-04-22 14:17:08+00:00,flats-apartments-for-rent/nairobi,rent,3977720,apartment,False
https://www.buyrentkenya.com/listings/furnished-2-bedroom-apartment-for-rent-westlands-area-3-3752589,"Serviced 2 Bed Apartment at Sports Road for KSh 150,000 / month | BuyRentKenya",Westlands Area,Westlands,2.0,2.0,,150000,2026-04-14 06:47:30+00:00,flats-apartments-for-rent/nairobi,rent,3752589,apartment,True
https://www.buyrentkenya.com/listings/4-bedroom-apartment-for-rent-lavington-3875619,"4 Bed Apartment at Ole Dume Road for KSh 240,000 / month | BuyRentKenya",Lavington,Lavington,4.0,5.0,,240000,2025-11-27 10:45:34+00:00,flats-apartments-for-rent/nairobi,rent,3875619,apartment,False
https://www.buyrentkenya.com/listings/2-bedroom-apartment-for-rent-kilimani-3870141,"2 Bed Apartment in Kilimani for KSh 85,000 / month | BuyRentKenya",Kilimani,Kilimani,2.0,,,85000,2026-03-31 06:27:02+00:00,flats-apartments-for-rent/nairobi,rent,3870141,apartment,False
https://www.buyrentkenya.com/listings/2-bedroom-apartment-for-rent-westlands-area-3977718,"2 Bed Apartment in Westlands Area for KSh 100,000 / month | BuyRentKenya",Westlands Area,Westlands,2.0,2.0,88.0,100000,2026-04-22 14:17:01+00:00,flats-apartments-for-rent/nairobi,rent,3977718,apartment,False
https://www.buyrentkenya.com/listings/1-bedroom-apartment-for-rent-westlands-area-3977717,"1 Bed Apartment in Westlands Area for KSh 75,000 / month | BuyRentKenya",Westlands Area,Westlands,1.0,1.0,,75000,2026-04-22 14:16:36+00:00,flats-apartments-for-rent/nairobi,rent,3977717,apartment,False
https://www.buyrentkenya.com/listings/1-bedroom-apartment-for-rent-westlands-area-3977714,"1 Bed Apartment in Westlands Area for KSh 80,000 / month | BuyRentKenya",Westlands Area,Westlands,1.0,1.0,,80000,2026-04-22 14:16:35+00:00,flats-apartments-for-rent/nairobi,rent,3977714,apartment,False
https://www.buyrentkenya.com/listings/3-bedroom-apartment-for-rent-kilimani-3977713,"3 Bed Apartment in Kilimani for KSh 90,000 / month | BuyRentKenya",Kilimani,Kilimani,3.0,3.0,61.0,90000,2026-04-22 14:12:48+00:00,flats-apartments-for-rent/nairobi,rent,3977713,apartment,False
https://www.buyrentkenya.com/listings/3-bedroom-apartment-for-rent-kilimani-3977711,"3 Bed Apartment in Kilimani for KSh 100,000 / month | BuyRentKenya",Kilimani,Kilimani,3.0,3.0,,100000,2026-04-22 14:12:46+00:00,flats-apartments-for-rent/nairobi,rent,3977711,apartment,False
https://www.buyrentkenya.com/listings/2-bedroom-apartment-for-rent-kilimani-3977708,"2 Bed Apartment in Kilimani for KSh 75,000 / month | BuyRentKenya",Kilimani,Kilimani,2.0,2.0,99.0,75000,2026-04-22 14:06:18+00:00,flats-apartments-for-rent/nairobi,rent,3977708,apartment,False
https://www.buyrentkenya.com/listings/2-bedroom-apartment-for-rent-kilimani-3977707,"2 Bed Apartment in Kilimani for KSh 75,000 / month | BuyRentKenya",Kilimani,Kilimani,2.0,2.0,99.0,75000,2026-04-22 14:06:17+00:00,flats-apartments-for-rent/nairobi,rent,3977707,apartment,False
https://www.buyrentkenya.com/listings/1-bedroom-apartment-for-rent-kilimani-3977706,"1 Bed Apartment in Kilimani for KSh 55,000 / month | BuyRentKenya",Kilimani,Kilimani,1.0,1.0,65.0,55000,2026-04-22 14:03:18+00:00,flats-apartments-for-rent/nairobi,rent,3977706,apartment,False
https://www.buyrentkenya.com/listings/1-bedroom-apartment-for-rent-kilimani-3977704,"1 Bed Apartment in Kilimani for KSh 55,000 / month | BuyRentKenya",Kilimani,Kilimani,1.0,1.0,65.0,55000,2026-04-22 14:03:20+00:00,flats-apartments-for-rent/nairobi,rent,3977704,apartment,False
https://www.buyrentkenya.com/listings/2-bedroom-apartment-for-rent-westlands-area-3979592,"2 Bed Apartment in Westlands Area for KSh 90,000 / month | BuyRentKenya",Westlands Area,Westlands,2.0,3.0,88.0,90000,2026-04-24 14:59:27+00:00,flats-apartments-for-rent/nairobi,rent,3979592,apartment,False
https://www.buyrentkenya.com/listings/2-bedroom-apartment-for-rent-westlands-area-3979591,"2 Bed Apartment in Westlands Area for KSh 85,000 / month | BuyRentKenya",Westlands Area,Westlands,2.0,3.0,88.0,85000,2026-04-24 14:55:36+00:00,flats-apartments-for-rent/nairobi,rent,3979591,apartment,False
https://www.buyrentkenya.com/listings/2-bedroom-apartment-for-rent-riverside-3979107,"2 Bed Apartment in Riverside for KSh 130,000 / month | BuyRentKenya",Riverside,Westlands,2.0,2.0,,130000,2026-04-24 14:17:41+00:00,flats-apartments-for-rent/nairobi,rent,3979107,apartment,False
https://www.buyrentkenya.com/listings/furnished-3-bedroom-apartment-for-rent-riverside-3979232,"Furnished 3 Bed Apartment in Riverside for KSh 350,000 / month | BuyRentKenya",Riverside,Westlands,3.0,3.0,,350000,2026-04-24 14:14:01+00:00,flats-apartments-for-rent/nairobi,rent,3979232,apartment,True
https://www.buyrentkenya.com/listings/1-bedroom-apartment-for-rent-riverside-3979243,"1 Bed Apartment in Riverside for KSh 100,000 / month | BuyRentKenya",Riverside,Westlands,1.0,1.0,,100000,2026-04-24 14:13:36+00:00,flats-apartments-for-rent/nairobi,rent,3979243,apartment,False
https://www.buyrentkenya.com/listings/2-bedroom-apartment-for-rent-kileleshwa-3979256,"2 Bed Apartment in Kileleshwa for KSh 130,000 / month | BuyRentKenya",Kileleshwa,Kileleshwa,2.0,2.0,190.0,130000,2026-04-26 07:20:32+00:00,flats-apartments-for-rent/nairobi,rent,3979256,apartment,False
https://www.buyrentkenya.com/listings/3-bedroom-apartment-for-rent-riverside-3979589,"3 Bed Apartment in Riverside for KSh 200,000 / month | BuyRentKenya",Riverside,Westlands,3.0,5.0,,200000,2026-04-24 14:12:28+00:00,flats-apartments-for-rent/nairobi,rent,3979589,apartment,False
https://www.buyrentkenya.com/listings/4-bedroom-apartment-for-rent-westlands-area-3979310,"4 Bed Apartment in Westlands Area for KSh 585,000 / month | BuyRentKenya",Westlands Area,Westlands,4.0,4.0,,585000,2026-04-26 07:18:51+00:00,flats-apartments-for-rent/nairobi,rent,3979310,apartment,False
https://www.buyrentkenya.com/listings/3-bedroom-apartment-for-rent-westlands-area-3979339,"3 Bed Apartment in Westlands Area for KSh 130,000 / month | BuyRentKenya",Westlands Area,Westlands,3.0,3.0,150.0,130000,2026-04-26 07:18:07+00:00,flats-apartments-for-rent/nairobi,rent,3979339,apartment,False
https://www.buyrentkenya.com/listings/3-bedroom-apartment-for-rent-riverside-3979461,"3 Bed Apartment in Riverside for KSh 160,000 / month | BuyRentKenya",Riverside,Westlands,3.0,3.0,184.0,160000,2026-04-26 07:16:02+00:00,flats-apartments-for-rent/nairobi,rent,3979461,apartment,False
https://www.buyrentkenya.com/listings/3-bedroom-apartment-for-rent-kileleshwa-3979466,"3 Bed Apartment in Kileleshwa for KSh 140,000 / month | BuyRentKenya",Kileleshwa,Kileleshwa,3.0,3.0,100.0,140000,2026-04-26 07:15:03+00:00,flats-apartments-for-rent/nairobi,rent,3979466,apartment,False
https://www.buyrentkenya.com/listings/3-bedroom-apartment-for-rent-kileleshwa-3979471,"3 Bed Apartment in Kileleshwa for KSh 160,000 / month | BuyRentKenya",Kileleshwa,Kileleshwa,3.0,3.0,,160000,2026-04-26 07:14:35+00:00,flats-apartments-for-rent/nairobi,rent,3979471,apartment,False
https://www.buyrentkenya.com/listings/furnished-2-bedroom-apartment-for-rent-rosslyn-3979501,"Furnished 2 Bed Apartment in Rosslyn for KSh 130,000 / month | BuyRentKenya",Rosslyn,Westlands,2.0,2.0,215.0,130000,2026-04-26 07:13:39+00:00,flats-apartments-for-rent/nairobi,rent,3979501,apartment,True
https://www.buyrentkenya.com/listings/furnished-1-bedroom-apartment-for-rent-westlands-area-3-3752588,"Serviced 1 Bed Apartment at Sports Road for KSh 130,000 / month | BuyRentKenya",Westlands Area,Westlands,1.0,1.0,65.0,130000,2026-04-14 06:48:40+00:00,flats-apartments-for-rent/nairobi,rent,3752588,apartment,True
https://www.buyrentkenya.com/listings/2-bedroom-apartment-for-rent-kilimani-3705790,"2 Bed Apartment in Kilimani for KSh 120,000 / month | BuyRentKenya",Kilimani,Kilimani,2.0,3.0,98.0,120000,2024-07-11 14:06:59+00:00,flats-apartments-for-rent/nairobi,rent,3705790,apartment,False
https://www.buyrentkenya.com/listings/3-bedroom-apartment-for-rent-riverside-3979588,"3 Bed Apartment in Riverside for KSh 180,000 / month | BuyRentKenya",Riverside,Westlands,3.0,5.0,190.0,180000,2026-04-24 14:06:57+00:00,flats-apartments-for-rent/nairobi,rent,3979588,apartment,False
https://www.buyrentkenya.com/listings/2-bedroom-apartment-for-rent-riverside-3979587,"2 Bed Apartment in Riverside for KSh 150,000 / month | BuyRentKenya",Riverside,Westlands,2.0,3.0,184.0,150000,2026-04-24 14:00:58+00:00,flats-apartments-for-rent/nairobi,rent,3979587,apartment,False
https://www.buyrentkenya.com/listings/2-bedroom-apartment-for-rent-riverside-3979584,"2 Bed Apartment in Riverside for KSh 120,000 / month | BuyRentKenya",Riverside,Westlands,2.0,3.0,77.0,120000,2026-04-24 13:54:59+00:00,flats-apartments-for-rent/nairobi,rent,3979584,apartment,False
https://www.buyrentkenya.com/listings/3-bedroom-apartment-for-rent-westlands-area-3979510,"3 Bed Apartment at Westlands Avenue for KSh 110,000 / month | BuyRentKenya",Westlands Area,Westlands,3.0,2.0,210.0,110000,2026-04-24 13:40:52+00:00,flats-apartments-for-rent/nairobi,rent,3979510,apartment,False
https://www.buyrentkenya.com/listings/3-bedroom-apartment-for-rent-kileleshwa-3979517,"3 Bed Apartment at Kileleshwa for KSh 115,000 / month | BuyRentKenya",Kileleshwa,Kileleshwa,3.0,3.0,125.0,115000,2026-04-24 13:39:48+00:00,flats-apartments-for-rent/nairobi,rent,3979517,apartment,False
https://www.buyrentkenya.com/listings/2-bedroom-apartment-for-rent-brookside-3979574,"2 Bed Apartment in Brookside for KSh 140,000 / month | BuyRentKenya",Brookside,Westlands,2.0,2.0,,140000,2026-04-24 13:34:50+00:00,flats-apartments-for-rent/nairobi,rent,3979574,apartment,False
https://www.buyrentkenya.com/listings/3-bedroom-apartment-for-rent-brookside-3979527,"3 Bed Apartment in Brookside for KSh 170,000 / month | BuyRentKenya",Brookside,Westlands,3.0,3.0,170.0,170000,2026-04-24 13:25:31+00:00,flats-apartments-for-rent/nairobi,rent,3979527,apartment,False
https://www.buyrentkenya.com/listings/2-bedroom-apartment-for-rent-kilimani-3907754,"2 Bed Apartment in Kilimani for KSh 260,000 / month | BuyRentKenya",Kilimani,Kilimani,2.0,1.0,100.0,260000,2026-04-22 09:25:11+00:00,flats-apartments-for-rent/nairobi,rent,3907754,apartment,False
https://www.buyrentkenya.com/listings/3-bedroom-apartment-for-rent-westlands-area-3931742,"3 Bed Apartment in Westlands Area for KSh 100,000 / month | BuyRentKenya",Westlands Area,Westlands,3.0,3.0,,100000,2026-04-22 09:25:11+00:00,flats-apartments-for-rent/nairobi,rent,3931742,apartment,False
https://www.buyrentkenya.com/listings/3-bedroom-apartment-for-rent-westlands-area-3932832,"Serviced 3 Bed Apartment in Westlands Area for KSh 180,000 / month | BuyRentKenya",Westlands Area,Westlands,3.0,3.0,109.0,180000,2026-04-24 12:43:37+00:00,flats-apartments-for-rent/nairobi,rent,3932832,apartment,True
https://www.buyrentkenya.com/listings/furnished-1-bedroom-apartment-for-rent-lavington-3912581,"Furnished 1 Bed Apartment at Lavington for KSh 160,000 / month | BuyRentKenya",Lavington,Lavington,1.0,,,160000,2026-02-20 07:32:51+00:00,flats-apartments-for-rent/nairobi,rent,3912581,apartment,True
https://www.buyrentkenya.com/listings/furnished-2-bedroom-apartment-for-rent-kileleshwa-3939978,"Furnished 2 Bed Apartment at Kileleshwa for KSh 225,000 / month | BuyRentKenya",Kileleshwa,Kileleshwa,2.0,2.0,180.0,225000,2026-03-05 15:07:02+00:00,flats-apartments-for-rent/nairobi,rent,3939978,apartment,True
https://www.buyrentkenya.com/listings/2-bedroom-apartment-for-rent-westlands-area-3979523,"2 Bed Apartment in Westlands Area for KSh 100,000 / month | BuyRentKenya",Westlands Area,Westlands,2.0,2.0,88.0,100000,2026-04-24 12:11:36+00:00,flats-apartments-for-rent/nairobi,rent,3979523,apartment,False
https://www.buyrentkenya.com/listings/1-bedroom-apartment-for-rent-lavington-3979449,"1 Bed Apartment in Lavington for KSh 55,000 / month | BuyRentKenya",Lavington,Lavington,1.0,1.0,,55000,2026-04-24 10:47:57+00:00,flats-apartments-for-rent/nairobi,rent,3979449,apartment,False
https://www.buyrentkenya.com/listings/3-bedroom-apartment-for-rent-kilimani-3979433,"3 Bed Apartment at Yaya Center for KSh 120,000 / month | BuyRentKenya",Kilimani,Kilimani,3.0,3.0,144.0,120000,2026-04-24 10:13:52+00:00,flats-apartments-for-rent/nairobi,rent,3979433,apartment,False
https://www.buyrentkenya.com/listings/2-bedroom-apartment-for-rent-kileleshwa-3979430,"2 Bed Apartment in Kileleshwa for KSh 75,000 / month | BuyRentKenya",Kileleshwa,Kileleshwa,2.0,2.0,,75000,2026-04-24 10:04:05+00:00,flats-apartments-for-rent/nairobi,rent,3979430,apartment,False
https://www.buyrentkenya.com/listings/2-bedroom-apartment-for-rent-kileleshwa-3979431,"2 Bed Apartment in Kileleshwa for KSh 85,000 / month | BuyRentKenya",Kileleshwa,Kileleshwa,2.0,2.0,,85000,2026-04-24 10:04:02+00:00,flats-apartments-for-rent/nairobi,rent,3979431,apartment,False
https://www.buyrentkenya.com/listings/2-bedroom-apartment-for-rent-westlands-area-3962229,"2 Bed Apartment in Westlands Area for KSh 80,000 / month | BuyRentKenya",Westlands Area,Westlands,2.0,2.0,70.0,80000,2026-04-24 09:50:12+00:00,flats-apartments-for-rent/nairobi,rent,3962229,apartment,False
https://www.buyrentkenya.com/listings/2-bedroom-apartment-for-rent-westlands-area-3979415,"2 Bed Apartment in Westlands Area for KSh 105,000 / month | BuyRentKenya",Westlands Area,Westlands,2.0,2.0,88.0,105000,2026-04-24 09:46:44+00:00,flats-apartments-for-rent/nairobi,rent,3979415,apartment,False
https://www.buyrentkenya.com/listings/furnished-2-bedroom-apartment-for-rent-kileleshwa-3979413,"Serviced 2 Bed Apartment at Kangundo Road for KSh 140,000 / month | BuyRentKenya",Kileleshwa,Kileleshwa,2.0,2.0,100.0,140000,2026-04-24 09:45:56+00:00,flats-apartments-for-rent/nairobi,rent,3979413,apartment,True
https://www.buyrentkenya.com/listings/2-bedroom-apartment-for-rent-brookside-3979391,"2 Bed Apartment in Brookside for KSh 140,000 / month | BuyRentKenya",Brookside,Westlands,2.0,2.0,120.0,140000,2026-04-24 09:23:49+00:00,flats-apartments-for-rent/nairobi,rent,3979391,apartment,False
https://www.buyrentkenya.com/listings/furnished-1-bedroom-apartment-for-rent-westlands-area-3979100,"Serviced 1 Bed Apartment at Le Marc for KSh 120,000 / month | BuyRentKenya",Westlands Area,Westlands,1.0,1.0,,120000,2026-04-24 09:16:36+00:00,flats-apartments-for-rent/nairobi,rent,3979100,apartment,True
https://www.buyrentkenya.com/listings/3-bedroom-apartment-for-rent-westlands-area-3979337,"3 Bed Apartment at Rhapta Road for KSh 120,000 / month | BuyRentKenya",Westlands Area,Westlands,3.0,3.0,210.0,120000,2026-04-24 09:06:40+00:00,flats-apartments-for-rent/nairobi,rent,3979337,apartment,False
https://www.buyrentkenya.com/listings/2-bedroom-apartment-for-rent-kileleshwa-3979340,"2 Bed Apartment at Laikipia Road for KSh 65,000 / month | BuyRentKenya",Kileleshwa,Kileleshwa,2.0,2.0,,65000,2026-04-24 08:59:39+00:00,flats-apartments-for-rent/nairobi,rent,3979340,apartment,False
https://www.buyrentkenya.com/listings/2-bedroom-apartment-for-rent-kileleshwa-3979331,"2 Bed Apartment at Kangundo Road for KSh 70,000 / month | BuyRentKenya",Kileleshwa,Kileleshwa,2.0,2.0,113.0,70000,2026-04-24 08:52:37+00:00,flats-apartments-for-rent/nairobi,rent,3979331,apartment,False
https://www.buyrentkenya.com/listings/furnished-2-bedroom-apartment-for-rent-kilimani-3978647,"Furnished 2 Bed Apartment at Chania Avenue for KSh 115,000 / month | BuyRentKenya",Kilimani,Kilimani,2.0,2.0,95.0,115000,2026-04-24 08:03:57+00:00,flats-apartments-for-rent/nairobi,rent,3978647,apartment,True
https://www.buyrentkenya.com/listings/4-bedroom-apartment-for-rent-riverside-3979132,"4 Bed Apartment at Riverside Drive for KSh 120,000 / month | BuyRentKenya",Riverside,Westlands,4.0,4.0,77.0,120000,2026-04-24 07:49:16+00:00,flats-apartments-for-rent/nairobi,rent,3979132,apartment,False
https://www.buyrentkenya.com/listings/3-bedroom-apartment-for-rent-kileleshwa-3979076,"3 Bed Apartment in Kileleshwa for KSh 85,000 / month | BuyRentKenya",Kileleshwa,Kileleshwa,3.0,3.0,,85000,2026-04-24 06:46:53+00:00,flats-apartments-for-rent/nairobi,rent,3979076,apartment,False
https://www.buyrentkenya.com/listings/3-bedroom-apartment-for-rent-kileleshwa-3979078,"3 Bed Apartment in Kileleshwa for KSh 100,000 / month | BuyRentKenya",Kileleshwa,Kileleshwa,3.0,3.0,,100000,2026-04-24 06:46:51+00:00,flats-apartments-for-rent/nairobi,rent,3979078,apartment,False
https://www.buyrentkenya.com/listings/3-bedroom-apartment-for-rent-kileleshwa-3979079,"3 Bed Apartment in Kileleshwa for KSh 100,000 / month | BuyRentKenya",Kileleshwa,Kileleshwa,3.0,3.0,,100000,2026-04-24 06:46:48+00:00,flats-apartments-for-rent/nairobi,rent,3979079,apartment,False
https://www.buyrentkenya.com/listings/2-bedroom-apartment-for-rent-kileleshwa-3979069,"2 Bed Apartment in Kileleshwa for KSh 75,000 / month | BuyRentKenya",Kileleshwa,Kileleshwa,2.0,2.0,,75000,2026-04-24 06:44:06+00:00,flats-apartments-for-rent/nairobi,rent,3979069,apartment,False
https://www.buyrentkenya.com/listings/2-bedroom-apartment-for-rent-kileleshwa-3979067,"2 Bed Apartment in Kileleshwa for KSh 85,000 / month | BuyRentKenya",Kileleshwa,Kileleshwa,2.0,2.0,,85000,2026-04-24 06:44:04+00:00,flats-apartments-for-rent/nairobi,rent,3979067,apartment,False
https://www.buyrentkenya.com/listings/4-bedroom-apartment-for-rent-lavington-3979061,"4 Bed Apartment in Lavington for KSh 170,000 / month | BuyRentKenya",Lavington,Lavington,4.0,5.0,,170000,2026-04-24 06:42:06+00:00,flats-apartments-for-rent/nairobi,rent,3979061,apartment,False
https://www.buyrentkenya.com/listings/4-bedroom-apartment-for-rent-lavington-3979060,"4 Bed Apartment in Lavington for KSh 200,000 / month | BuyRentKenya",Lavington,Lavington,4.0,5.0,124.0,200000,2026-04-24 06:42:03+00:00,flats-apartments-for-rent/nairobi,rent,3979060,apartment,False
https://www.buyrentkenya.com/listings/3-bedroom-apartment-for-rent-lavington-3979054,"3 Bed Apartment in Lavington for KSh 100,000 / month | BuyRentKenya",Lavington,Lavington,3.0,3.0,111.0,100000,2026-04-24 06:40:06+00:00,flats-apartments-for-rent/nairobi,rent,3979054,apartment,False
https://www.buyrentkenya.com/listings/3-bedroom-apartment-for-rent-lavington-3979055,"3 Bed Apartment in Lavington for KSh 100,000 / month | BuyRentKenya",Lavington,Lavington,3.0,3.0,200.0,100000,2026-04-24 06:40:03+00:00,flats-apartments-for-rent/nairobi,rent,3979055,apartment,False
https://www.buyrentkenya.com/listings/2-bedroom-apartment-for-rent-lavington-3979049,"2 Bed Apartment in Lavington for KSh 80,000 / month | BuyRentKenya",Lavington,Lavington,2.0,2.0,111.0,80000,2026-04-24 06:37:40+00:00,flats-apartments-for-rent/nairobi,rent,3979049,apartment,False
https://www.buyrentkenya.com/listings/2-bedroom-apartment-for-rent-lavington-3979051,"2 Bed Apartment in Lavington for KSh 85,000 / month | BuyRentKenya",Lavington,Lavington,2.0,2.0,111.0,85000,2026-04-24 06:37:38+00:00,flats-apartments-for-rent/nairobi,rent,3979051,apartment,False
https://www.buyrentkenya.com/listings/1-bedroom-apartment-for-rent-lavington-3979047,"1 Bed Apartment in Lavington for KSh 60,000 / month | BuyRentKenya",Lavington,Lavington,1.0,1.0,80.0,60000,2026-04-24 06:35:50+00:00,flats-apartments-for-rent/nairobi,rent,3979047,apartment,False
https://www.buyrentkenya.com/listings/4-bedroom-apartment-for-rent-riverside-3979039,"4 Bed Apartment in Riverside for KSh 200,000 / month | BuyRentKenya",Riverside,Westlands,4.0,,,200000,2026-04-24 06:31:58+00:00,flats-apartments-for-rent/nairobi,rent,3979039,apartment,False
https://www.buyrentkenya.com/listings/2-bedroom-apartment-for-rent-brookside-3978855,"2 Bed Apartment in Brookside for KSh 137,500 / month | BuyRentKenya",Brookside,Westlands,2.0,3.0,120.0,137500,2026-04-24 03:14:44+00:00,flats-apartments-for-rent/nairobi,rent,3978855,apartment,False
https://www.buyrentkenya.com/listings/3-bedroom-apartment-for-rent-brookside-3978854,"3 Bed Apartment in Brookside for KSh 165,000 / month | BuyRentKenya",Brookside,Westlands,3.0,3.0,160.0,165000,2026-04-24 03:00:05+00:00,flats-apartments-for-rent/nairobi,rent,3978854,apartment,False
https://www.buyrentkenya.com/listings/2-bedroom-apartment-for-rent-kilimani-3978840,"2 Bed Apartment at Marcus Garvey for KSh 80,000 / month | BuyRentKenya",Kilimani,Kilimani,2.0,2.0,85.0,80000,2026-04-23 20:45:17+00:00,flats-apartments-for-rent/nairobi,rent,3978840,apartment,False
https://www.buyrentkenya.com/listings/1-bedroom-apartment-for-rent-kilimani-3978827,"1 Bed Apartment at Marcus Garvey for KSh 65,000 / month | BuyRentKenya",Kilimani,Kilimani,1.0,1.0,60.0,65000,2026-04-23 20:28:18+00:00,flats-apartments-for-rent/nairobi,rent,3978827,apartment,False
https://www.buyrentkenya.com/listings/furnished-4-bedroom-apartment-for-rent-general-mathenge-3978814,"Furnished 4 Bed Apartment at General Mathenge for KSh 650,000 / month | BuyRentKenya",General Mathenge,Westlands,4.0,5.0,,650000,2026-04-23 19:57:18+00:00,flats-apartments-for-rent/nairobi,rent,3978814,apartment,True
https://www.buyrentkenya.com/listings/3-bedroom-apartment-for-rent-gigiri-3978812,"3 Bed Apartment at Off Limuru Road for KSh 250,000 / month | BuyRentKenya",Gigiri,Westlands,3.0,4.0,100.0,250000,2026-04-23 19:45:07+00:00,flats-apartments-for-rent/nairobi,rent,3978812,apartment,False
https://www.buyrentkenya.com/listings/2-bedroom-apartment-for-rent-kilimani-3978771,"Serviced 2 Bed Apartment at Chania Road for KSh 120,000 / month | BuyRentKenya",Kilimani,Kilimani,2.0,3.0,130.0,120000,2026-04-23 19:04:36+00:00,flats-apartments-for-rent/nairobi,rent,3978771,apartment,True
https://www.buyrentkenya.com/listings/3-bedroom-apartment-for-rent-lavington-3978793,"3 Bed Apartment at Lavington for KSh 120,000 / month | BuyRentKenya",Lavington,Lavington,3.0,3.0,99.0,120000,2026-04-23 19:04:00+00:00,flats-apartments-for-rent/nairobi,rent,3978793,apartment,False
https://www.buyrentkenya.com/listings/2-bedroom-apartment-for-rent-kilimani-3978790,"Serviced 2 Bed Apartment at Chania Avenue for KSh 65,000 / month | BuyRentKenya",Kilimani,Kilimani,2.0,2.0,65.0,65000,2026-04-23 18:49:09+00:00,flats-apartments-for-rent/nairobi,rent,3978790,apartment,True
https://www.buyrentkenya.com/listings/3-bedroom-apartment-for-rent-kitisuru-3978788,"3 Bed Apartment in Kitisuru for KSh 90,000 / month | BuyRentKenya",Kitisuru,Westlands,3.0,2.0,88.0,90000,2026-04-23 18:40:26+00:00,flats-apartments-for-rent/nairobi,rent,3978788,apartment,False
https://www.buyrentkenya.com/listings/3-bedroom-apartment-for-rent-riverside-3978780,"3 Bed Apartment in Riverside for KSh 250,000 / month | BuyRentKenya",Riverside,Westlands,3.0,4.0,300.0,250000,2026-04-23 17:56:22+00:00,flats-apartments-for-rent/nairobi,rent,3978780,apartment,False
https://www.buyrentkenya.com/listings/3-bedroom-apartment-for-rent-kilimani-3968014,"Serviced 3 Bed Apartment in Kilimani for KSh 130,000 / month | BuyRentKenya",Kilimani,Kilimani,3.0,4.0,,130000,2026-04-23 17:07:49+00:00,flats-apartments-for-rent/nairobi,rent,3968014,apartment,True
https://www.buyrentkenya.com/listings/furnished-3-bedroom-apartment-for-rent-kilimani-3974077,"Serviced 3 Bed Apartment in Kilimani for KSh 105,000 / month | BuyRentKenya",Kilimani,Kilimani,3.0,4.0,95.0,105000,2026-04-23 16:01:48+00:00,flats-apartments-for-rent/nairobi,rent,3974077,apartment,True
https://www.buyrentkenya.com/listings/1-bedroom-apartment-for-rent-karen-3978762,"1 Bed Apartment in Karen for KSh 80,000 / month | BuyRentKenya",Karen,Karen,1.0,,120.0,80000,2026-04-23 15:42:31+00:00,flats-apartments-for-rent/nairobi,rent,3978762,apartment,False
https://www.buyrentkenya.com/listings/2-bedroom-apartment-for-rent-ngong-road-3978749,"2 Bed Apartment at Kilimani for KSh 90,000 / month | BuyRentKenya",Ngong Road,Ngong Road,2.0,3.0,88.0,90000,2026-04-23 14:25:54+00:00,flats-apartments-for-rent/nairobi,rent,3978749,apartment,False
https://www.buyrentkenya.com/listings/1-bedroom-apartment-for-rent-kilimani-3976671,"1 Bed Apartment in Kilimani for KSh 55,000 / month | BuyRentKenya",Kilimani,Kilimani,1.0,1.0,62.0,55000,2026-04-21 06:16:19+00:00,flats-apartments-for-rent/nairobi,rent,3976671,apartment,False
https://www.buyrentkenya.com/listings/1-bedroom-apartment-for-rent-kilimani-3976670,"1 Bed Apartment in Kilimani for KSh 55,000 / month | BuyRentKenya",Kilimani,Kilimani,1.0,1.0,62.0,55000,2026-04-21 06:16:22+00:00,flats-apartments-for-rent/nairobi,rent,3976670,apartment,False
https://www.buyrentkenya.com/listings/2-bedroom-apartment-for-rent-kilimani-3976680,"2 Bed Apartment in Kilimani for KSh 75,000 / month | BuyRentKenya",Kilimani,Kilimani,2.0,2.0,55.0,75000,2026-04-21 06:18:59+00:00,flats-apartments-for-rent/nairobi,rent,3976680,apartment,False
https://www.buyrentkenya.com/listings/2-bedroom-apartment-for-rent-kilimani-3976675,"2 Bed Apartment in Kilimani for KSh 75,000 / month | BuyRentKenya",Kilimani,Kilimani,2.0,2.0,83.0,75000,2026-04-21 06:18:53+00:00,flats-apartments-for-rent/nairobi,rent,3976675,apartment,False
https://www.buyrentkenya.com/listings/2-bedroom-apartment-for-rent-westlands-area-3976699,"2 Bed Apartment in Westlands Area for KSh 95,000 / month | BuyRentKenya",Westlands Area,Westlands,2.0,2.0,140.0,95000,2026-04-21 06:26:48+00:00,flats-apartments-for-rent/nairobi,rent,3976699,apartment,False
https://www.buyrentkenya.com/listings/2-bedroom-apartment-for-rent-westlands-area-3976698,"2 Bed Apartment in Westlands Area for KSh 100,000 / month | BuyRentKenya",Westlands Area,Westlands,2.0,2.0,88.0,100000,2026-04-21 06:26:47+00:00,flats-apartments-for-rent/nairobi,rent,3976698,apartment,False
https://www.buyrentkenya.com/listings/1-bedroom-apartment-for-rent-westlands-area-3976697,"1 Bed Apartment in Westlands Area for KSh 75,000 / month | BuyRentKenya",Westlands Area,Westlands,1.0,1.0,70.0,75000,2026-04-21 06:24:51+00:00,flats-apartments-for-rent/nairobi,rent,3976697,apartment,False
https://www.buyrentkenya.com/listings/1-bedroom-apartment-for-rent-westlands-area-3976696,"1 Bed Apartment in Westlands Area for KSh 80,000 / month | BuyRentKenya",Westlands Area,Westlands,1.0,1.0,,80000,2026-04-21 06:24:43+00:00,flats-apartments-for-rent/nairobi,rent,3976696,apartment,False
https://www.buyrentkenya.com/listings/furnished-2-bedroom-apartment-for-rent-ngong-road-3978715,"Furnished 2 Bed Apartment at Kilimani for KSh 150,000 / month | BuyRentKenya",Ngong Road,Ngong Road,2.0,3.0,,150000,2026-04-23 13:48:22+00:00,flats-apartments-for-rent/nairobi,rent,3978715,apartment,True
https://www.buyrentkenya.com/listings/4-bedroom-apartment-for-rent-kilimani-3978691,"4 Bed Apartment at Kilimani for KSh 180,000 / month | BuyRentKenya",Kilimani,Kilimani,4.0,4.0,120.0,180000,2026-04-23 13:17:56+00:00,flats-apartments-for-rent/nairobi,rent,3978691,apartment,False
